DE54C1
9F54C1
D3D4C1
BE64C1
B3E4C1
97E4C1
D674C1
B374C1
9774C1
BF28C1
D7A8C1
DD58C1
5F58C1
CBD8C1
BD68C1
ABE8C1
57E8C1
D578C1
AB78C1
5778C1
DE2AC1
9F2AC1
D3AAC1
9D6AC1
5E6AC1
8BEAC1
53EAC1
D17AC1
CA7AC1
8B7AC1
537AC1
BE2CC1
B3ACC1
97ACC1
9D5CC1
5E5CC1
8BDCC1
53DCC1
B17CC1
957CC1
AA7CC1
567CC1
D62EC1
B32EC1
972EC1
D15EC1
CA5EC1
8B5EC1
535EC1
B16EC1
956EC1
AA6EC1
566EC1
BF3501
D7B501
DDD501
7F5501
CFD501
BDE501
AFE501
77E501
D5F501
AF7501
777501
DDAB01
7F2B01
CFAB01
DD3B01
5F3B01
CBBB01
7D6B01
5DEB01
6BEB01
4FEB01
CD7B01
C9FB01
6B7B01
4F7B01
BDAD01
AFAD01
77AD01
BD3D01
ABBD01
57BD01
7D5D01
5DDD01
6BDD01
4FDD01
AD7D01
757D01
A9FD01
55FD01
D5AF01
AF2F01
772F01
D53F01
AB3F01
573F01
CD5F01
C9DF01
6B5F01
4F5F01
AD6F01
756F01
A9EF01
55EF01
DE3541
9F3541
D3B541
9DE541
7E6541
8FE541
73E541
D1F541
CE7541
8F7541
737541
DDA941
7F2941
CFA941
DD3941
5F3941
CBB941
7D6941
5DE941
6BE941
4FE941
CD7941
C9F941
6B7941
4F7941
9DAD41
7E2D41
8FAD41
73AD41
9D3D41
5E3D41
8BBD41
53BD41
8D7D41
717D41
89FD41
51FD41
6A7D41
4E7D41
D1AF41
CE2F41
8F2F41
732F41
D13F41
CA3F41
8B3F41
533F41
8D6F41
716F41
89EF41
51EF41
6A6F41
4E6F41
BE3581
B3B581
97B581
9DD581
7E5581
8FD581
73D581
B1F581
95F581
AE7581
767581
BDA981
AFA981
77A981
BD3981
ABB981
57B981
7D5981
5DD981
6BD981
4FD981
AD7981
757981
A9F981
55F981
9DAB81
7E2B81
8FAB81
73AB81
9D3B81
5E3B81
8BBB81
53BB81
8D7B81
717B81
89FB81
51FB81
6A7B81
4E7B81
B1AF81
95AF81
AE2F81
762F81
B13F81
953F81
AA3F81
563F81
8D5F81
715F81
89DF81
51DF81
6A5F81
4E5F81
D635C1
B335C1
9735C1
D1D5C1
CE55C1
8F55C1
7355C1
B1E5C1
95E5C1
AE65C1
7665C1
D5A9C1
AF29C1
7729C1
D539C1
AB39C1
5739C1
CD59C1
C9D9C1
6B59C1
4F59C1
AD69C1
7569C1
A9E9C1
55E9C1
D1ABC1
CE2BC1
8F2BC1
732BC1
D13BC1
CA3BC1
8B3BC1
533BC1
8D6BC1
716BC1
89EBC1
51EBC1
6A6BC1
4E6BC1
B1ADC1
95ADC1
AE2DC1
762DC1
B13DC1
953DC1
AA3DC1
563DC1
8D5DC1
715DC1
89DDC1
51DDC1
6A5DC1
4E5DC1
BF3811
D7B811
DDD811
7F5811
CFD811
BDE811
AFE811
77E811
D5F811
AF7811
777811
DE3A11
9F3A11
D3BA11
9DEA11
7E6A11
8FEA11
73EA11
D1FA11
CE7A11
8F7A11
737A11
BE3C11
B3BC11
97BC11
9DDC11
7E5C11
8FDC11
73DC11
B1FC11
95FC11
AE7C11
767C11
D63E11
B33E11
973E11
D1DE11
CE5E11
8F5E11
735E11
B1EE11
95EE11
AE6E11
766E11
DE50D1
9F50D1
D3D0D1
BE60D1
B3E0D1
97E0D1
D670D1
B370D1
9770D1
BF08D1
D788D1
DC58D1
1F58D1
C3D8D1
BC68D1
A3E8D1
17E8D1
D478D1
A378D1
1778D1
DE0AD1
9F0AD1
D38AD1
9C6AD1
1E6AD1
83EAD1
13EAD1
D07AD1
C27AD1
837AD1
137AD1
BE0CD1
B38CD1
978CD1
9C5CD1
1E5CD1
83DCD1
13DCD1
B07CD1
947CD1
A27CD1
167CD1
D60ED1
B30ED1
970ED1
D05ED1
C25ED1
835ED1
135ED1
B06ED1
946ED1
A26ED1
166ED1
BF3111
D7B111
DDD111
7F5111
CFD111
BDE111
AFE111
77E111
D5F111
AF7111
777111
DD8B11
7F0B11
CF8B11
DC3B11
1F3B11
C3BB11
7C6B11
1DEB11
63EB11
0FEB11
CC7B11
C1FB11
637B11
0F7B11
BD8D11
AF8D11
778D11
BC3D11
A3BD11
17BD11
7C5D11
1DDD11
63DD11
0FDD11
AC7D11
747D11
A1FD11
15FD11
D58F11
AF0F11
770F11
D43F11
A33F11
173F11
CC5F11
C1DF11
635F11
0F5F11
AC6F11
746F11
A1EF11
15EF11
DE3151
9F3151
D3B151
9DE151
7E6151
8FE151
73E151
D1F151
CE7151
8F7151
737151
DD8951
7F0951
CF8951
DC3951
1F3951
C3B951
7C6951
1DE951
63E951
0FE951
CC7951
C1F951
637951
0F7951
9D8D51
7E0D51
8F8D51
738D51
9C3D51
1E3D51
83BD51
13BD51
8C7D51
707D51
81FD51
11FD51
627D51
0E7D51
D18F51
CE0F51
8F0F51
730F51
D03F51
C23F51
833F51
133F51
8C6F51
706F51
81EF51
11EF51
626F51
0E6F51
BE3191
B3B191
97B191
9DD191
7E5191
8FD191
73D191
B1F191
95F191
AE7191
767191
BD8991
AF8991
778991
BC3991
A3B991
17B991
7C5991
1DD991
63D991
0FD991
AC7991
747991
A1F991
15F991
9D8B91
7E0B91
8F8B91
738B91
9C3B91
1E3B91
83BB91
13BB91
8C7B91
707B91
81FB91
11FB91
627B91
0E7B91
B18F91
958F91
AE0F91
760F91
B03F91
943F91
A23F91
163F91
8C5F91
705F91
81DF91
11DF91
625F91
0E5F91
D631D1
B331D1
9731D1
D1D1D1
CE51D1
8F51D1
7351D1
B1E1D1
95E1D1
AE61D1
7661D1
D589D1
AF09D1
7709D1
D439D1
A339D1
1739D1
CC59D1
C1D9D1
6359D1
0F59D1
AC69D1
7469D1
A1E9D1
15E9D1
D18BD1
CE0BD1
8F0BD1
730BD1
D03BD1
C23BD1
833BD1
133BD1
8C6BD1
706BD1
81EBD1
11EBD1
626BD1
0E6BD1
B18DD1
958DD1
AE0DD1
760DD1
B03DD1
943DD1
A23DD1
163DD1
8C5DD1
705DD1
81DDD1
11DDD1
625DD1
0E5DD1
DE5419
9F5419
D3D419
BE6419
B3E419
97E419
D67419
B37419
977419
BF2819
D7A819
DD5819
5F5819
CBD819
BD6819
ABE819
57E819
D57819
AB7819
577819
DE2A19
9F2A19
D3AA19
9D6A19
5E6A19
8BEA19
53EA19
D17A19
CA7A19
8B7A19
537A19
BE2C19
B3AC19
97AC19
9D5C19
5E5C19
8BDC19
53DC19
B17C19
957C19
AA7C19
567C19
D62E19
B32E19
972E19
D15E19
CA5E19
8B5E19
535E19
B16E19
956E19
AA6E19
566E19
BF2119
D7A119
DD5119
5F5119
CBD119
BD6119
ABE119
57E119
D57119
AB7119
577119
BF0519
D78519
DC5519
1F5519
C3D519
BC6519
A3E519
17E519
D47519
A37519
177519
DD0B19
5F0B19
CB8B19
DC2B19
1F2B19
C3AB19
5C6B19
1D6B19
43EB19
0BEB19
C87B19
C17B19
437B19
0B7B19
BD0D19
AB8D19
578D19
BC2D19
A3AD19
17AD19
5C5D19
1D5D19
43DD19
0BDD19
A87D19
547D19
A17D19
157D19
D50F19
AB0F19
570F19
D42F19
A32F19
172F19
C85F19
C15F19
435F19
0B5F19
A86F19
546F19
A16F19
156F19
DE2159
9F2159
D3A159
9D6159
5E6159
8BE159
53E159
D17159
CA7159
8B7159
537159
DE0559
9F0559
D38559
9C6559
1E6559
83E559
13E559
D07559
C27559
837559
137559
DD0959
5F0959
CB8959
DC2959
1F2959
C3A959
5C6959
1D6959
43E959
0BE959
C87959
C17959
437959
0B7959
9D0D59
5E0D59
8B8D59
538D59
9C2D59
1E2D59
83AD59
13AD59
887D59
507D59
817D59
117D59
427D59
0A7D59
D10F59
CA0F59
8B0F59
530F59
D02F59
C22F59
832F59
132F59
886F59
506F59
816F59
116F59
426F59
0A6F59
BE2199
B3A199
97A199
9D5199
5E5199
8BD199
53D199
B17199
957199
AA7199
567199
BE0599
B38599
978599
9C5599
1E5599
83D599
13D599
B07599
947599
A27599
167599
BD0999
AB8999
578999
BC2999
A3A999
17A999
5C5999
1D5999
43D999
0BD999
A87999
547999
A17999
157999
9D0B99
5E0B99
8B8B99
538B99
9C2B99
1E2B99
83AB99
13AB99
887B99
507B99
817B99
117B99
427B99
0A7B99
B10F99
950F99
AA0F99
560F99
B02F99
942F99
A22F99
162F99
885F99
505F99
815F99
115F99
425F99
0A5F99
D621D9
B321D9
9721D9
D151D9
CA51D9
8B51D9
5351D9
B161D9
9561D9
AA61D9
5661D9
D605D9
B305D9
9705D9
D055D9
C255D9
8355D9
1355D9
B065D9
9465D9
A265D9
1665D9
D509D9
AB09D9
5709D9
D429D9
A329D9
1729D9
C859D9
C159D9
4359D9
0B59D9
A869D9
5469D9
A169D9
1569D9
D10BD9
CA0BD9
8B0BD9
530BD9
D02BD9
C22BD9
832BD9
132BD9
886BD9
506BD9
816BD9
116BD9
426BD9
0A6BD9
B10DD9
950DD9
AA0DD9
560DD9
B02DD9
942DD9
A22DD9
162DD9
885DD9
505DD9
815DD9
115DD9
425DD9
0A5DD9
BF3421
D7B421
DDD421
7F5421
CFD421
BDE421
AFE421
77E421
D5F421
AF7421
777421
DDAA21
7F2A21
CFAA21
DD3A21
5F3A21
CBBA21
7D6A21
5DEA21
6BEA21
4FEA21
CD7A21
C9FA21
6B7A21
4F7A21
BDAC21
AFAC21
77AC21
BD3C21
ABBC21
57BC21
7D5C21
5DDC21
6BDC21
4FDC21
AD7C21
757C21
A9FC21
55FC21
D5AE21
AF2E21
772E21
D53E21
AB3E21
573E21
CD5E21
C9DE21
6B5E21
4F5E21
AD6E21
756E21
A9EE21
55EE21
BF20E1
D7A0E1
DD50E1
5F50E1
CBD0E1
BD60E1
ABE0E1
57E0E1
D570E1
AB70E1
5770E1
BF04E1
D784E1
DC54E1
1F54E1
C3D4E1
BC64E1
A3E4E1
17E4E1
D474E1
A374E1
1774E1
DD0AE1
5F0AE1
CB8AE1
DC2AE1
1F2AE1
C3AAE1
5C6AE1
1D6AE1
43EAE1
0BEAE1
C87AE1
C17AE1
437AE1
0B7AE1
BD0CE1
AB8CE1
578CE1
BC2CE1
A3ACE1
17ACE1
5C5CE1
1D5CE1
43DCE1
0BDCE1
A87CE1
547CE1
A17CE1
157CE1
D50EE1
AB0EE1
570EE1
D42EE1
A32EE1
172EE1
C85EE1
C15EE1
435EE1
0B5EE1
A86EE1
546EE1
A16EE1
156EE1
DDA161
7F2161
CFA161
DD3161
5F3161
CBB161
7D6161
5DE161
6BE161
4FE161
CD7161
C9F161
6B7161
4F7161
DD8561
7F0561
CF8561
DC3561
1F3561
C3B561
7C6561
1DE561
63E561
0FE561
CC7561
C1F561
637561
0F7561
7D0D61
5D8D61
6B8D61
4F8D61
7C2D61
1DAD61
63AD61
0FAD61
5C3D61
1D3D61
43BD61
0BBD61
687D61
4C7D61
617D61
0D7D61
41FD61
09FD61
CD0F61
C98F61
6B0F61
4F0F61
CC2F61
C1AF61
632F61
0F2F61
C83F61
C13F61
433F61
0B3F61
686F61
4C6F61
616F61
0D6F61
41EF61
09EF61
BDA1A1
AFA1A1
77A1A1
BD31A1
ABB1A1
57B1A1
7D51A1
5DD1A1
6BD1A1
4FD1A1
AD71A1
7571A1
A9F1A1
55F1A1
BD85A1
AF85A1
7785A1
BC35A1
A3B5A1
17B5A1
7C55A1
1DD5A1
63D5A1
0FD5A1
AC75A1
7475A1
A1F5A1
15F5A1
7D0BA1
5D8BA1
6B8BA1
4F8BA1
7C2BA1
1DABA1
63ABA1
0FABA1
5C3BA1
1D3BA1
43BBA1
0BBBA1
687BA1
4C7BA1
617BA1
0D7BA1
41FBA1
09FBA1
AD0FA1
750FA1
A98FA1
558FA1
AC2FA1
742FA1
A1AFA1
15AFA1
A83FA1
543FA1
A13FA1
153FA1
685FA1
4C5FA1
615FA1
0D5FA1
41DFA1
09DFA1
D5A1E1
AF21E1
7721E1
D531E1
AB31E1
5731E1
CD51E1
C9D1E1
6B51E1
4F51E1
AD61E1
7561E1
A9E1E1
55E1E1
D585E1
AF05E1
7705E1
D435E1
A335E1
1735E1
CC55E1
C1D5E1
6355E1
0F55E1
AC65E1
7465E1
A1E5E1
15E5E1
CD0BE1
C98BE1
6B0BE1
4F0BE1
CC2BE1
C1ABE1
632BE1
0F2BE1
C83BE1
C13BE1
433BE1
0B3BE1
686BE1
4C6BE1
616BE1
0D6BE1
41EBE1
09EBE1
AD0DE1
750DE1
A98DE1
558DE1
AC2DE1
742DE1
A1ADE1
15ADE1
A83DE1
543DE1
A13DE1
153DE1
685DE1
4C5DE1
615DE1
0D5DE1
41DDE1
09DDE1
DE3429
9F3429
D3B429
9DE429
7E6429
8FE429
73E429
D1F429
CE7429
8F7429
737429
DDA829
7F2829
CFA829
DD3829
5F3829
CBB829
7D6829
5DE829
6BE829
4FE829
CD7829
C9F829
6B7829
4F7829
9DAC29
7E2C29
8FAC29
73AC29
9D3C29
5E3C29
8BBC29
53BC29
8D7C29
717C29
89FC29
51FC29
6A7C29
4E7C29
D1AE29
CE2E29
8F2E29
732E29
D13E29
CA3E29
8B3E29
533E29
8D6E29
716E29
89EE29
51EE29
6A6E29
4E6E29
DE20E9
9F20E9
D3A0E9
9D60E9
5E60E9
8BE0E9
53E0E9
D170E9
CA70E9
8B70E9
5370E9
DE04E9
9F04E9
D384E9
9C64E9
1E64E9
83E4E9
13E4E9
D074E9
C274E9
8374E9
1374E9
DD08E9
5F08E9
CB88E9
DC28E9
1F28E9
C3A8E9
5C68E9
1D68E9
43E8E9
0BE8E9
C878E9
C178E9
4378E9
0B78E9
9D0CE9
5E0CE9
8B8CE9
538CE9
9C2CE9
1E2CE9
83ACE9
13ACE9
887CE9
507CE9
817CE9
117CE9
427CE9
0A7CE9
D10EE9
CA0EE9
8B0EE9
530EE9
D02EE9
C22EE9
832EE9
132EE9
886EE9
506EE9
816EE9
116EE9
426EE9
0A6EE9
DDA129
7F2129
CFA129
DD3129
5F3129
CBB129
7D6129
5DE129
6BE129
4FE129
CD7129
C9F129
6B7129
4F7129
DD8529
7F0529
CF8529
DC3529
1F3529
C3B529
7C6529
1DE529
63E529
0FE529
CC7529
C1F529
637529
0F7529
7D0D29
5D8D29
6B8D29
4F8D29
7C2D29
1DAD29
63AD29
0FAD29
5C3D29
1D3D29
43BD29
0BBD29
687D29
4C7D29
617D29
0D7D29
41FD29
09FD29
CD0F29
C98F29
6B0F29
4F0F29
CC2F29
C1AF29
632F29
0F2F29
C83F29
C13F29
433F29
0B3F29
686F29
4C6F29
616F29
0D6F29
41EF29
09EF29
9DA1A9
7E21A9
8FA1A9
73A1A9
9D31A9
5E31A9
8BB1A9
53B1A9
8D71A9
7171A9
89F1A9
51F1A9
6A71A9
4E71A9
9D85A9
7E05A9
8F85A9
7385A9
9C35A9
1E35A9
83B5A9
13B5A9
8C75A9
7075A9
81F5A9
11F5A9
6275A9
0E75A9
7D09A9
5D89A9
6B89A9
4F89A9
7C29A9
1DA9A9
63A9A9
0FA9A9
5C39A9
1D39A9
43B9A9
0BB9A9
6879A9
4C79A9
6179A9
0D79A9
41F9A9
09F9A9
8D0FA9
710FA9
898FA9
518FA9
6A0FA9
4E0FA9
8C2FA9
702FA9
81AFA9
11AFA9
622FA9
0E2FA9
883FA9
503FA9
813FA9
113FA9
423FA9
0A3FA9
D1A1E9
CE21E9
8F21E9
7321E9
D131E9
CA31E9
8B31E9
5331E9
8D61E9
7161E9
89E1E9
51E1E9
6A61E9
4E61E9
D185E9
CE05E9
8F05E9
7305E9
D035E9
C235E9
8335E9
1335E9
8C65E9
7065E9
81E5E9
11E5E9
6265E9
0E65E9
CD09E9
C989E9
6B09E9
4F09E9
CC29E9
C1A9E9
6329E9
0F29E9
C839E9
C139E9
4339E9
0B39E9
6869E9
4C69E9
6169E9
0D69E9
41E9E9
09E9E9
8D0DE9
710DE9
898DE9
518DE9
6A0DE9
4E0DE9
8C2DE9
702DE9
81ADE9
11ADE9
622DE9
0E2DE9
883DE9
503DE9
813DE9
113DE9
423DE9
0A3DE9
BE3431
B3B431
97B431
9DD431
7E5431
8FD431
73D431
B1F431
95F431
AE7431
767431
BDA831
AFA831
77A831
BD3831
ABB831
57B831
7D5831
5DD831
6BD831
4FD831
AD7831
757831
A9F831
55F831
9DAA31
7E2A31
8FAA31
73AA31
9D3A31
5E3A31
8BBA31
53BA31
8D7A31
717A31
89FA31
51FA31
6A7A31
4E7A31
B1AE31
95AE31
AE2E31
762E31
B13E31
953E31
AA3E31
563E31
8D5E31
715E31
89DE31
51DE31
6A5E31
4E5E31
BE20F1
B3A0F1
97A0F1
9D50F1
5E50F1
8BD0F1
53D0F1
B170F1
9570F1
AA70F1
5670F1
BE04F1
B384F1
9784F1
9C54F1
1E54F1
83D4F1
13D4F1
B074F1
9474F1
A274F1
1674F1
BD08F1
AB88F1
5788F1
BC28F1
A3A8F1
17A8F1
5C58F1
1D58F1
43D8F1
0BD8F1
A878F1
5478F1
A178F1
1578F1
9D0AF1
5E0AF1
8B8AF1
538AF1
9C2AF1
1E2AF1
83AAF1
13AAF1
887AF1
507AF1
817AF1
117AF1
427AF1
0A7AF1
B10EF1
950EF1
AA0EF1
560EF1
B02EF1
942EF1
A22EF1
162EF1
885EF1
505EF1
815EF1
115EF1
425EF1
0A5EF1
BDA131
AFA131
77A131
BD3131
ABB131
57B131
7D5131
5DD131
6BD131
4FD131
AD7131
757131
A9F131
55F131
BD8531
AF8531
778531
BC3531
A3B531
17B531
7C5531
1DD531
63D531
0FD531
AC7531
747531
A1F531
15F531
7D0B31
5D8B31
6B8B31
4F8B31
7C2B31
1DAB31
63AB31
0FAB31
5C3B31
1D3B31
43BB31
0BBB31
687B31
4C7B31
617B31
0D7B31
41FB31
09FB31
AD0F31
750F31
A98F31
558F31
AC2F31
742F31
A1AF31
15AF31
A83F31
543F31
A13F31
153F31
685F31
4C5F31
615F31
0D5F31
41DF31
09DF31
9DA171
7E2171
8FA171
73A171
9D3171
5E3171
8BB171
53B171
8D7171
717171
89F171
51F171
6A7171
4E7171
9D8571
7E0571
8F8571
738571
9C3571
1E3571
83B571
13B571
8C7571
707571
81F571
11F571
627571
0E7571
7D0971
5D8971
6B8971
4F8971
7C2971
1DA971
63A971
0FA971
5C3971
1D3971
43B971
0BB971
687971
4C7971
617971
0D7971
41F971
09F971
8D0F71
710F71
898F71
518F71
6A0F71
4E0F71
8C2F71
702F71
81AF71
11AF71
622F71
0E2F71
883F71
503F71
813F71
113F71
423F71
0A3F71
B1A1F1
95A1F1
AE21F1
7621F1
B131F1
9531F1
AA31F1
5631F1
8D51F1
7151F1
89D1F1
51D1F1
6A51F1
4E51F1
B185F1
9585F1
AE05F1
7605F1
B035F1
9435F1
A235F1
1635F1
8C55F1
7055F1
81D5F1
11D5F1
6255F1
0E55F1
AD09F1
7509F1
A989F1
5589F1
AC29F1
7429F1
A1A9F1
15A9F1
A839F1
5439F1
A139F1
1539F1
6859F1
4C59F1
6159F1
0D59F1
41D9F1
09D9F1
8D0BF1
710BF1
898BF1
518BF1
6A0BF1
4E0BF1
8C2BF1
702BF1
81ABF1
11ABF1
622BF1
0E2BF1
883BF1
503BF1
813BF1
113BF1
423BF1
0A3BF1
D63439
B33439
973439
D1D439
CE5439
8F5439
735439
B1E439
95E439
AE6439
766439
D5A839
AF2839
772839
D53839
AB3839
573839
CD5839
C9D839
6B5839
4F5839
AD6839
756839
A9E839
55E839
D1AA39
CE2A39
8F2A39
732A39
D13A39
CA3A39
8B3A39
533A39
8D6A39
716A39
89EA39
51EA39
6A6A39
4E6A39
B1AC39
95AC39
AE2C39
762C39
B13C39
953C39
AA3C39
563C39
8D5C39
715C39
89DC39
51DC39
6A5C39
4E5C39
D620F9
B320F9
9720F9
D150F9
CA50F9
8B50F9
5350F9
B160F9
9560F9
AA60F9
5660F9
D604F9
B304F9
9704F9
D054F9
C254F9
8354F9
1354F9
B064F9
9464F9
A264F9
1664F9
D508F9
AB08F9
5708F9
D428F9
A328F9
1728F9
C858F9
C158F9
4358F9
0B58F9
A868F9
5468F9
A168F9
1568F9
D10AF9
CA0AF9
8B0AF9
530AF9
D02AF9
C22AF9
832AF9
132AF9
886AF9
506AF9
816AF9
116AF9
426AF9
0A6AF9
B10CF9
950CF9
AA0CF9
560CF9
B02CF9
942CF9
A22CF9
162CF9
885CF9
505CF9
815CF9
115CF9
425CF9
0A5CF9
D5A139
AF2139
772139
D53139
AB3139
573139
CD5139
C9D139
6B5139
4F5139
AD6139
756139
A9E139
55E139
D58539
AF0539
770539
D43539
A33539
173539
CC5539
C1D539
635539
0F5539
AC6539
746539
A1E539
15E539
CD0B39
C98B39
6B0B39
4F0B39
CC2B39
C1AB39
632B39
0F2B39
C83B39
C13B39
433B39
0B3B39
686B39
4C6B39
616B39
0D6B39
41EB39
09EB39
AD0D39
750D39
A98D39
558D39
AC2D39
742D39
A1AD39
15AD39
A83D39
543D39
A13D39
153D39
685D39
4C5D39
615D39
0D5D39
41DD39
09DD39
D1A179
CE2179
8F2179
732179
D13179
CA3179
8B3179
533179
8D6179
716179
89E179
51E179
6A6179
4E6179
D18579
CE0579
8F0579
730579
D03579
C23579
833579
133579
8C6579
706579
81E579
11E579
626579
0E6579
CD0979
C98979
6B0979
4F0979
CC2979
C1A979
632979
0F2979
C83979
C13979
433979
0B3979
686979
4C6979
616979
0D6979
41E979
09E979
8D0D79
710D79
898D79
518D79
6A0D79
4E0D79
8C2D79
702D79
81AD79
11AD79
622D79
0E2D79
883D79
503D79
813D79
113D79
423D79
0A3D79
B1A1B9
95A1B9
AE21B9
7621B9
B131B9
9531B9
AA31B9
5631B9
8D51B9
7151B9
89D1B9
51D1B9
6A51B9
4E51B9
B185B9
9585B9
AE05B9
7605B9
B035B9
9435B9
A235B9
1635B9
8C55B9
7055B9
81D5B9
11D5B9
6255B9
0E55B9
AD09B9
7509B9
A989B9
5589B9
AC29B9
7429B9
A1A9B9
15A9B9
A839B9
5439B9
A139B9
1539B9
6859B9
4C59B9
6159B9
0D59B9
41D9B9
09D9B9
8D0BB9
710BB9
898BB9
518BB9
6A0BB9
4E0BB9
8C2BB9
702BB9
81ABB9
11ABB9
622BB9
0E2BB9
883BB9
503BB9
813BB9
113BB9
423BB9
0A3BB9
BF3842
D7B842
DDD842
7F5842
CFD842
BDE842
AFE842
77E842
D5F842
AF7842
777842
DE3A42
9F3A42
D3BA42
9DEA42
7E6A42
8FEA42
73EA42
D1FA42
CE7A42
8F7A42
737A42
BE3C42
B3BC42
97BC42
9DDC42
7E5C42
8FDC42
73DC42
B1FC42
95FC42
AE7C42
767C42
D63E42
B33E42
973E42
D1DE42
CE5E42
8F5E42
735E42
B1EE42
95EE42
AE6E42
766E42
DE52C2
9F52C2
D3D2C2
BE62C2
B3E2C2
97E2C2
D672C2
B372C2
9772C2
BF18C2
D798C2
DCD8C2
3F58C2
C7D8C2
BCE8C2
A7E8C2
37E8C2
D4F8C2
A778C2
3778C2
DE1AC2
9F1AC2
D39AC2
9CEAC2
3E6AC2
87EAC2
33EAC2
D0FAC2
C67AC2
877AC2
337AC2
BE1CC2
B39CC2
979CC2
9CDCC2
3E5CC2
87DCC2
33DCC2
B0FCC2
94FCC2
A67CC2
367CC2
D61EC2
B31EC2
971EC2
D0DEC2
C65EC2
875EC2
335EC2
B0EEC2
94EEC2
A66EC2
366EC2
BF3302
D7B302
DDD302
7F5302
CFD302
BDE302
AFE302
77E302
D5F302
AF7302
777302
DD9B02
7F1B02
CF9B02
DCBB02
3F3B02
C7BB02
7CEB02
3DEB02
67EB02
2FEB02
CCFB02
C5FB02
677B02
2F7B02
BD9D02
AF9D02
779D02
BCBD02
A7BD02
37BD02
7CDD02
3DDD02
67DD02
2FDD02
ACFD02
74FD02
A5FD02
35FD02
D59F02
AF1F02
771F02
D4BF02
A73F02
373F02
CCDF02
C5DF02
675F02
2F5F02
ACEF02
74EF02
A5EF02
35EF02
DE3342
9F3342
D3B342
9DE342
7E6342
8FE342
73E342
D1F342
CE7342
8F7342
737342
DD9942
7F1942
CF9942
DCB942
3F3942
C7B942
7CE942
3DE942
67E942
2FE942
CCF942
C5F942
677942
2F7942
9D9D42
7E1D42
8F9D42
739D42
9CBD42
3E3D42
87BD42
33BD42
8CFD42
70FD42
85FD42
31FD42
667D42
2E7D42
D19F42
CE1F42
8F1F42
731F42
D0BF42
C63F42
873F42
333F42
8CEF42
70EF42
85EF42
31EF42
666F42
2E6F42
BE3382
B3B382
97B382
9DD382
7E5382
8FD382
73D382
B1F382
95F382
AE7382
767382
BD9982
AF9982
779982
BCB982
A7B982
37B982
7CD982
3DD982
67D982
2FD982
ACF982
74F982
A5F982
35F982
9D9B82
7E1B82
8F9B82
739B82
9CBB82
3E3B82
87BB82
33BB82
8CFB82
70FB82
85FB82
31FB82
667B82
2E7B82
B19F82
959F82
AE1F82
761F82
B0BF82
94BF82
A63F82
363F82
8CDF82
70DF82
85DF82
31DF82
665F82
2E5F82
D633C2
B333C2
9733C2
D1D3C2
CE53C2
8F53C2
7353C2
B1E3C2
95E3C2
AE63C2
7663C2
D599C2
AF19C2
7719C2
D4B9C2
A739C2
3739C2
CCD9C2
C5D9C2
6759C2
2F59C2
ACE9C2
74E9C2
A5E9C2
35E9C2
D19BC2
CE1BC2
8F1BC2
731BC2
D0BBC2
C63BC2
873BC2
333BC2
8CEBC2
70EBC2
85EBC2
31EBC2
666BC2
2E6BC2
B19DC2
959DC2
AE1DC2
761DC2
B0BDC2
94BDC2
A63DC2
363DC2
8CDDC2
70DDC2
85DDC2
31DDC2
665DC2
2E5DC2
DE521A
9F521A
D3D21A
BE621A
B3E21A
97E21A
D6721A
B3721A
97721A
BF181A
D7981A
DCD81A
3F581A
C7D81A
BCE81A
A7E81A
37E81A
D4F81A
A7781A
37781A
DE1A1A
9F1A1A
D39A1A
9CEA1A
3E6A1A
87EA1A
33EA1A
D0FA1A
C67A1A
877A1A
337A1A
BE1C1A
B39C1A
979C1A
9CDC1A
3E5C1A
87DC1A
33DC1A
B0FC1A
94FC1A
A67C1A
367C1A
D61E1A
B31E1A
971E1A
D0DE1A
C65E1A
875E1A
335E1A
B0EE1A
94EE1A
A66E1A
366E1A
DE505A
9F505A
D3D05A
BE605A
B3E05A
97E05A
D6705A
B3705A
97705A
BF085A
D7885A
DC585A
1F585A
C3D85A
BC685A
A3E85A
17E85A
D4785A
A3785A
17785A
DE0A5A
9F0A5A
D38A5A
9C6A5A
1E6A5A
83EA5A
13EA5A
D07A5A
C27A5A
837A5A
137A5A
BE0C5A
B38C5A
978C5A
9C5C5A
1E5C5A
83DC5A
13DC5A
B07C5A
947C5A
A27C5A
167C5A
D60E5A
B30E5A
970E5A
D05E5A
C25E5A
835E5A
135E5A
B06E5A
946E5A
A26E5A
166E5A
BF111A
D7911A
DCD11A
3F511A
C7D11A
BCE11A
A7E11A
37E11A
D4F11A
A7711A
37711A
BF031A
D7831A
DC531A
1F531A
C3D31A
BC631A
A3E31A
17E31A
D4731A
A3731A
17731A
DC8B1A
3F0B1A
C78B1A
DC1B1A
1F1B1A
C39B1A
3C6B1A
1CEB1A
23EB1A
07EB1A
C47B1A
C0FB1A
237B1A
077B1A
BC8D1A
A78D1A
378D1A
BC1D1A
A39D1A
179D1A
3C5D1A
1CDD1A
23DD1A
07DD1A
A47D1A
347D1A
A0FD1A
14FD1A
D48F1A
A70F1A
370F1A
D41F1A
A31F1A
171F1A
C45F1A
C0DF1A
235F1A
075F1A
A46F1A
346F1A
A0EF1A
14EF1A
DE115A
9F115A
D3915A
9CE15A
3E615A
87E15A
33E15A
D0F15A
C6715A
87715A
33715A
DE035A
9F035A
D3835A
9C635A
1E635A
83E35A
13E35A
D0735A
C2735A
83735A
13735A
DC895A
3F095A
C7895A
DC195A
1F195A
C3995A
3C695A
1CE95A
23E95A
07E95A
C4795A
C0F95A
23795A
07795A
9C8D5A
3E0D5A
878D5A
338D5A
9C1D5A
1E1D5A
839D5A
139D5A
847D5A
307D5A
80FD5A
10FD5A
227D5A
067D5A
D08F5A
C60F5A
870F5A
330F5A
D01F5A
C21F5A
831F5A
131F5A
846F5A
306F5A
80EF5A
10EF5A
226F5A
066F5A
BE119A
B3919A
97919A
9CD19A
3E519A
87D19A
33D19A
B0F19A
94F19A
A6719A
36719A
BE039A
B3839A
97839A
9C539A
1E539A
83D39A
13D39A
B0739A
94739A
A2739A
16739A
BC899A
A7899A
37899A
BC199A
A3999A
17999A
3C599A
1CD99A
23D99A
07D99A
A4799A
34799A
A0F99A
14F99A
9C8B9A
3E0B9A
878B9A
338B9A
9C1B9A
1E1B9A
839B9A
139B9A
847B9A
307B9A
80FB9A
10FB9A
227B9A
067B9A
B08F9A
948F9A
A60F9A
360F9A
B01F9A
941F9A
A21F9A
161F9A
845F9A
305F9A
80DF9A
10DF9A
225F9A
065F9A
D611DA
B311DA
9711DA
D0D1DA
C651DA
8751DA
3351DA
B0E1DA
94E1DA
A661DA
3661DA
D603DA
B303DA
9703DA
D053DA
C253DA
8353DA
1353DA
B063DA
9463DA
A263DA
1663DA
D489DA
A709DA
3709DA
D419DA
A319DA
1719DA
C459DA
C0D9DA
2359DA
0759DA
A469DA
3469DA
A0E9DA
14E9DA
D08BDA
C60BDA
870BDA
330BDA
D01BDA
C21BDA
831BDA
131BDA
846BDA
306BDA
80EBDA
10EBDA
226BDA
066BDA
B08DDA
948DDA
A60DDA
360DDA
B01DDA
941DDA
A21DDA
161DDA
845DDA
305DDA
80DDDA
10DDDA
225DDA
065DDA
BF3222
D7B222
DDD222
7F5222
CFD222
BDE222
AFE222
77E222
D5F222
AF7222
777222
DD9A22
7F1A22
CF9A22
DCBA22
3F3A22
C7BA22
7CEA22
3DEA22
67EA22
2FEA22
CCFA22
C5FA22
677A22
2F7A22
BD9C22
AF9C22
779C22
BCBC22
A7BC22
37BC22
7CDC22
3DDC22
67DC22
2FDC22
ACFC22
74FC22
A5FC22
35FC22
D59E22
AF1E22
771E22
D4BE22
A73E22
373E22
CCDE22
C5DE22
675E22
2F5E22
ACEE22
74EE22
A5EE22
35EE22
BF3062
D7B062
DDD062
7F5062
CFD062
BDE062
AFE062
77E062
D5F062
AF7062
777062
DD8A62
7F0A62
CF8A62
DC3A62
1F3A62
C3BA62
7C6A62
1DEA62
63EA62
0FEA62
CC7A62
C1FA62
637A62
0F7A62
BD8C62
AF8C62
778C62
BC3C62
A3BC62
17BC62
7C5C62
1DDC62
63DC62
0FDC62
AC7C62
747C62
A1FC62
15FC62
D58E62
AF0E62
770E62
D43E62
A33E62
173E62
CC5E62
C1DE62
635E62
0F5E62
AC6E62
746E62
A1EE62
15EE62
BF10E2
D790E2
DCD0E2
3F50E2
C7D0E2
BCE0E2
A7E0E2
37E0E2
D4F0E2
A770E2
3770E2
BF02E2
D782E2
DC52E2
1F52E2
C3D2E2
BC62E2
A3E2E2
17E2E2
D472E2
A372E2
1772E2
DC8AE2
3F0AE2
C78AE2
DC1AE2
1F1AE2
C39AE2
3C6AE2
1CEAE2
23EAE2
07EAE2
C47AE2
C0FAE2
237AE2
077AE2
BC8CE2
A78CE2
378CE2
BC1CE2
A39CE2
179CE2
3C5CE2
1CDCE2
23DCE2
07DCE2
A47CE2
347CE2
A0FCE2
14FCE2
D48EE2
A70EE2
370EE2
D41EE2
A31EE2
171EE2
C45EE2
C0DEE2
235EE2
075EE2
A46EE2
346EE2
A0EEE2
14EEE2
DD9162
7F1162
CF9162
DCB162
3F3162
C7B162
7CE162
3DE162
67E162
2FE162
CCF162
C5F162
677162
2F7162
DD8362
7F0362
CF8362
DC3362
1F3362
C3B362
7C6362
1DE362
63E362
0FE362
CC7362
C1F362
637362
0F7362
7C8D62
3D8D62
678D62
2F8D62
7C1D62
1D9D62
639D62
0F9D62
3C3D62
1CBD62
23BD62
07BD62
647D62
2C7D62
60FD62
0CFD62
21FD62
05FD62
CC8F62
C58F62
670F62
2F0F62
CC1F62
C19F62
631F62
0F1F62
C43F62
C0BF62
233F62
073F62
646F62
2C6F62
60EF62
0CEF62
21EF62
05EF62
BD91A2
AF91A2
7791A2
BCB1A2
A7B1A2
37B1A2
7CD1A2
3DD1A2
67D1A2
2FD1A2
ACF1A2
74F1A2
A5F1A2
35F1A2
BD83A2
AF83A2
7783A2
BC33A2
A3B3A2
17B3A2
7C53A2
1DD3A2
63D3A2
0FD3A2
AC73A2
7473A2
A1F3A2
15F3A2
7C8BA2
3D8BA2
678BA2
2F8BA2
7C1BA2
1D9BA2
639BA2
0F9BA2
3C3BA2
1CBBA2
23BBA2
07BBA2
647BA2
2C7BA2
60FBA2
0CFBA2
21FBA2
05FBA2
AC8FA2
748FA2
A58FA2
358FA2
AC1FA2
741FA2
A19FA2
159FA2
A43FA2
343FA2
A0BFA2
14BFA2
645FA2
2C5FA2
60DFA2
0CDFA2
21DFA2
05DFA2
D591E2
AF11E2
7711E2
D4B1E2
A731E2
3731E2
CCD1E2
C5D1E2
6751E2
2F51E2
ACE1E2
74E1E2
A5E1E2
35E1E2
D583E2
AF03E2
7703E2
D433E2
A333E2
1733E2
CC53E2
C1D3E2
6353E2
0F53E2
AC63E2
7463E2
A1E3E2
15E3E2
CC8BE2
C58BE2
670BE2
2F0BE2
CC1BE2
C19BE2
631BE2
0F1BE2
C43BE2
C0BBE2
233BE2
073BE2
646BE2
2C6BE2
60EBE2
0CEBE2
21EBE2
05EBE2
AC8DE2
748DE2
A58DE2
358DE2
AC1DE2
741DE2
A19DE2
159DE2
A43DE2
343DE2
A0BDE2
14BDE2
645DE2
2C5DE2
60DDE2
0CDDE2
21DDE2
05DDE2
DE322A
9F322A
D3B22A
9DE22A
7E622A
8FE22A
73E22A
D1F22A
CE722A
8F722A
73722A
DD982A
7F182A
CF982A
DCB82A
3F382A
C7B82A
7CE82A
3DE82A
67E82A
2FE82A
CCF82A
C5F82A
67782A
2F782A
9D9C2A
7E1C2A
8F9C2A
739C2A
9CBC2A
3E3C2A
87BC2A
33BC2A
8CFC2A
70FC2A
85FC2A
31FC2A
667C2A
2E7C2A
D19E2A
CE1E2A
8F1E2A
731E2A
D0BE2A
C63E2A
873E2A
333E2A
8CEE2A
70EE2A
85EE2A
31EE2A
666E2A
2E6E2A
DE306A
9F306A
D3B06A
9DE06A
7E606A
8FE06A
73E06A
D1F06A
CE706A
8F706A
73706A
DD886A
7F086A
CF886A
DC386A
1F386A
C3B86A
7C686A
1DE86A
63E86A
0FE86A
CC786A
C1F86A
63786A
0F786A
9D8C6A
7E0C6A
8F8C6A
738C6A
9C3C6A
1E3C6A
83BC6A
13BC6A
8C7C6A
707C6A
81FC6A
11FC6A
627C6A
0E7C6A
D18E6A
CE0E6A
8F0E6A
730E6A
D03E6A
C23E6A
833E6A
133E6A
8C6E6A
706E6A
81EE6A
11EE6A
626E6A
0E6E6A
DE10EA
9F10EA
D390EA
9CE0EA
3E60EA
87E0EA
33E0EA
D0F0EA
C670EA
8770EA
3370EA
DE02EA
9F02EA
D382EA
9C62EA
1E62EA
83E2EA
13E2EA
D072EA
C272EA
8372EA
1372EA
DC88EA
3F08EA
C788EA
DC18EA
1F18EA
C398EA
3C68EA
1CE8EA
23E8EA
07E8EA
C478EA
C0F8EA
2378EA
0778EA
9C8CEA
3E0CEA
878CEA
338CEA
9C1CEA
1E1CEA
839CEA
139CEA
847CEA
307CEA
80FCEA
10FCEA
227CEA
067CEA
D08EEA
C60EEA
870EEA
330EEA
D01EEA
C21EEA
831EEA
131EEA
846EEA
306EEA
80EEEA
10EEEA
226EEA
066EEA
DD912A
7F112A
CF912A
DCB12A
3F312A
C7B12A
7CE12A
3DE12A
67E12A
2FE12A
CCF12A
C5F12A
67712A
2F712A
DD832A
7F032A
CF832A
DC332A
1F332A
C3B32A
7C632A
1DE32A
63E32A
0FE32A
CC732A
C1F32A
63732A
0F732A
7C8D2A
3D8D2A
678D2A
2F8D2A
7C1D2A
1D9D2A
639D2A
0F9D2A
3C3D2A
1CBD2A
23BD2A
07BD2A
647D2A
2C7D2A
60FD2A
0CFD2A
21FD2A
05FD2A
CC8F2A
C58F2A
670F2A
2F0F2A
CC1F2A
C19F2A
631F2A
0F1F2A
C43F2A
C0BF2A
233F2A
073F2A
646F2A
2C6F2A
60EF2A
0CEF2A
21EF2A
05EF2A
9D91AA
7E11AA
8F91AA
7391AA
9CB1AA
3E31AA
87B1AA
33B1AA
8CF1AA
70F1AA
85F1AA
31F1AA
6671AA
2E71AA
9D83AA
7E03AA
8F83AA
7383AA
9C33AA
1E33AA
83B3AA
13B3AA
8C73AA
7073AA
81F3AA
11F3AA
6273AA
0E73AA
7C89AA
3D89AA
6789AA
2F89AA
7C19AA
1D99AA
6399AA
0F99AA
3C39AA
1CB9AA
23B9AA
07B9AA
6479AA
2C79AA
60F9AA
0CF9AA
21F9AA
05F9AA
8C8FAA
708FAA
858FAA
318FAA
660FAA
2E0FAA
8C1FAA
701FAA
819FAA
119FAA
621FAA
0E1FAA
843FAA
303FAA
80BFAA
10BFAA
223FAA
063FAA
D191EA
CE11EA
8F11EA
7311EA
D0B1EA
C631EA
8731EA
3331EA
8CE1EA
70E1EA
85E1EA
31E1EA
6661EA
2E61EA
D183EA
CE03EA
8F03EA
7303EA
D033EA
C233EA
8333EA
1333EA
8C63EA
7063EA
81E3EA
11E3EA
6263EA
0E63EA
CC89EA
C589EA
6709EA
2F09EA
CC19EA
C199EA
6319EA
0F19EA
C439EA
C0B9EA
2339EA
0739EA
6469EA
2C69EA
60E9EA
0CE9EA
21E9EA
05E9EA
8C8DEA
708DEA
858DEA
318DEA
660DEA
2E0DEA
8C1DEA
701DEA
819DEA
119DEA
621DEA
0E1DEA
843DEA
303DEA
80BDEA
10BDEA
223DEA
063DEA
BE3232
B3B232
97B232
9DD232
7E5232
8FD232
73D232
B1F232
95F232
AE7232
767232
BD9832
AF9832
779832
BCB832
A7B832
37B832
7CD832
3DD832
67D832
2FD832
ACF832
74F832
A5F832
35F832
9D9A32
7E1A32
8F9A32
739A32
9CBA32
3E3A32
87BA32
33BA32
8CFA32
70FA32
85FA32
31FA32
667A32
2E7A32
B19E32
959E32
AE1E32
761E32
B0BE32
94BE32
A63E32
363E32
8CDE32
70DE32
85DE32
31DE32
665E32
2E5E32
BE3072
B3B072
97B072
9DD072
7E5072
8FD072
73D072
B1F072
95F072
AE7072
767072
BD8872
AF8872
778872
BC3872
A3B872
17B872
7C5872
1DD872
63D872
0FD872
AC7872
747872
A1F872
15F872
9D8A72
7E0A72
8F8A72
738A72
9C3A72
1E3A72
83BA72
13BA72
8C7A72
707A72
81FA72
11FA72
627A72
0E7A72
B18E72
958E72
AE0E72
760E72
B03E72
943E72
A23E72
163E72
8C5E72
705E72
81DE72
11DE72
625E72
0E5E72
BE10F2
B390F2
9790F2
9CD0F2
3E50F2
87D0F2
33D0F2
B0F0F2
94F0F2
A670F2
3670F2
BE02F2
B382F2
9782F2
9C52F2
1E52F2
83D2F2
13D2F2
B072F2
9472F2
A272F2
1672F2
BC88F2
A788F2
3788F2
BC18F2
A398F2
1798F2
3C58F2
1CD8F2
23D8F2
07D8F2
A478F2
3478F2
A0F8F2
14F8F2
9C8AF2
3E0AF2
878AF2
338AF2
9C1AF2
1E1AF2
839AF2
139AF2
847AF2
307AF2
80FAF2
10FAF2
227AF2
067AF2
B08EF2
948EF2
A60EF2
360EF2
B01EF2
941EF2
A21EF2
161EF2
845EF2
305EF2
80DEF2
10DEF2
225EF2
065EF2
BD9132
AF9132
779132
BCB132
A7B132
37B132
7CD132
3DD132
67D132
2FD132
ACF132
74F132
A5F132
35F132
BD8332
AF8332
778332
BC3332
A3B332
17B332
7C5332
1DD332
63D332
0FD332
AC7332
747332
A1F332
15F332
7C8B32
3D8B32
678B32
2F8B32
7C1B32
1D9B32
639B32
0F9B32
3C3B32
1CBB32
23BB32
07BB32
647B32
2C7B32
60FB32
0CFB32
21FB32
05FB32
AC8F32
748F32
A58F32
358F32
AC1F32
741F32
A19F32
159F32
A43F32
343F32
A0BF32
14BF32
645F32
2C5F32
60DF32
0CDF32
21DF32
05DF32
9D9172
7E1172
8F9172
739172
9CB172
3E3172
87B172
33B172
8CF172
70F172
85F172
31F172
667172
2E7172
9D8372
7E0372
8F8372
738372
9C3372
1E3372
83B372
13B372
8C7372
707372
81F372
11F372
627372
0E7372
7C8972
3D8972
678972
2F8972
7C1972
1D9972
639972
0F9972
3C3972
1CB972
23B972
07B972
647972
2C7972
60F972
0CF972
21F972
05F972
8C8F72
708F72
858F72
318F72
660F72
2E0F72
8C1F72
701F72
819F72
119F72
621F72
0E1F72
843F72
303F72
80BF72
10BF72
223F72
063F72
B191F2
9591F2
AE11F2
7611F2
B0B1F2
94B1F2
A631F2
3631F2
8CD1F2
70D1F2
85D1F2
31D1F2
6651F2
2E51F2
B183F2
9583F2
AE03F2
7603F2
B033F2
9433F2
A233F2
1633F2
8C53F2
7053F2
81D3F2
11D3F2
6253F2
0E53F2
AC89F2
7489F2
A589F2
3589F2
AC19F2
7419F2
A199F2
1599F2
A439F2
3439F2
A0B9F2
14B9F2
6459F2
2C59F2
60D9F2
0CD9F2
21D9F2
05D9F2
8C8BF2
708BF2
858BF2
318BF2
660BF2
2E0BF2
8C1BF2
701BF2
819BF2
119BF2
621BF2
0E1BF2
843BF2
303BF2
80BBF2
10BBF2
223BF2
063BF2
D6323A
B3323A
97323A
D1D23A
CE523A
8F523A
73523A
B1E23A
95E23A
AE623A
76623A
D5983A
AF183A
77183A
D4B83A
A7383A
37383A
CCD83A
C5D83A
67583A
2F583A
ACE83A
74E83A
A5E83A
35E83A
D19A3A
CE1A3A
8F1A3A
731A3A
D0BA3A
C63A3A
873A3A
333A3A
8CEA3A
70EA3A
85EA3A
31EA3A
666A3A
2E6A3A
B19C3A
959C3A
AE1C3A
761C3A
B0BC3A
94BC3A
A63C3A
363C3A
8CDC3A
70DC3A
85DC3A
31DC3A
665C3A
2E5C3A
D6307A
B3307A
97307A
D1D07A
CE507A
8F507A
73507A
B1E07A
95E07A
AE607A
76607A
D5887A
AF087A
77087A
D4387A
A3387A
17387A
CC587A
C1D87A
63587A
0F587A
AC687A
74687A
A1E87A
15E87A
D18A7A
CE0A7A
8F0A7A
730A7A
D03A7A
C23A7A
833A7A
133A7A
8C6A7A
706A7A
81EA7A
11EA7A
626A7A
0E6A7A
B18C7A
958C7A
AE0C7A
760C7A
B03C7A
943C7A
A23C7A
163C7A
8C5C7A
705C7A
81DC7A
11DC7A
625C7A
0E5C7A
D610FA
B310FA
9710FA
D0D0FA
C650FA
8750FA
3350FA
B0E0FA
94E0FA
A660FA
3660FA
D602FA
B302FA
9702FA
D052FA
C252FA
8352FA
1352FA
B062FA
9462FA
A262FA
1662FA
D488FA
A708FA
3708FA
D418FA
A318FA
1718FA
C458FA
C0D8FA
2358FA
0758FA
A468FA
3468FA
A0E8FA
14E8FA
D08AFA
C60AFA
870AFA
330AFA
D01AFA
C21AFA
831AFA
131AFA
846AFA
306AFA
80EAFA
10EAFA
226AFA
066AFA
B08CFA
948CFA
A60CFA
360CFA
B01CFA
941CFA
A21CFA
161CFA
845CFA
305CFA
80DCFA
10DCFA
225CFA
065CFA
D5913A
AF113A
77113A
D4B13A
A7313A
37313A
CCD13A
C5D13A
67513A
2F513A
ACE13A
74E13A
A5E13A
35E13A
D5833A
AF033A
77033A
D4333A
A3333A
17333A
CC533A
C1D33A
63533A
0F533A
AC633A
74633A
A1E33A
15E33A
CC8B3A
C58B3A
670B3A
2F0B3A
CC1B3A
C19B3A
631B3A
0F1B3A
C43B3A
C0BB3A
233B3A
073B3A
646B3A
2C6B3A
60EB3A
0CEB3A
21EB3A
05EB3A
AC8D3A
748D3A
A58D3A
358D3A
AC1D3A
741D3A
A19D3A
159D3A
A43D3A
343D3A
A0BD3A
14BD3A
645D3A
2C5D3A
60DD3A
0CDD3A
21DD3A
05DD3A
D1917A
CE117A
8F117A
73117A
D0B17A
C6317A
87317A
33317A
8CE17A
70E17A
85E17A
31E17A
66617A
2E617A
D1837A
CE037A
8F037A
73037A
D0337A
C2337A
83337A
13337A
8C637A
70637A
81E37A
11E37A
62637A
0E637A
CC897A
C5897A
67097A
2F097A
CC197A
C1997A
63197A
0F197A
C4397A
C0B97A
23397A
07397A
64697A
2C697A
60E97A
0CE97A
21E97A
05E97A
8C8D7A
708D7A
858D7A
318D7A
660D7A
2E0D7A
8C1D7A
701D7A
819D7A
119D7A
621D7A
0E1D7A
843D7A
303D7A
80BD7A
10BD7A
223D7A
063D7A
B191BA
9591BA
AE11BA
7611BA
B0B1BA
94B1BA
A631BA
3631BA
8CD1BA
70D1BA
85D1BA
31D1BA
6651BA
2E51BA
B183BA
9583BA
AE03BA
7603BA
B033BA
9433BA
A233BA
1633BA
8C53BA
7053BA
81D3BA
11D3BA
6253BA
0E53BA
AC89BA
7489BA
A589BA
3589BA
AC19BA
7419BA
A199BA
1599BA
A439BA
3439BA
A0B9BA
14B9BA
6459BA
2C59BA
60D9BA
0CD9BA
21D9BA
05D9BA
8C8BBA
708BBA
858BBA
318BBA
660BBA
2E0BBA
8C1BBA
701BBA
819BBA
119BBA
621BBA
0E1BBA
843BBA
303BBA
80BBBA
10BBBA
223BBA
063BBA
DE5443
9F5443
D3D443
BE6443
B3E443
97E443
D67443
B37443
977443
BF2843
D7A843
DD5843
5F5843
CBD843
BD6843
ABE843
57E843
D57843
AB7843
577843
DE2A43
9F2A43
D3AA43
9D6A43
5E6A43
8BEA43
53EA43
D17A43
CA7A43
8B7A43
537A43
BE2C43
B3AC43
97AC43
9D5C43
5E5C43
8BDC43
53DC43
B17C43
957C43
AA7C43
567C43
D62E43
B32E43
972E43
D15E43
CA5E43
8B5E43
535E43
B16E43
956E43
AA6E43
566E43
BF2303
D7A303
DD5303
5F5303
CBD303
BD6303
ABE303
57E303
D57303
AB7303
577303
BF1503
D79503
DCD503
3F5503
C7D503
BCE503
A7E503
37E503
D4F503
A77503
377503
DD1B03
5F1B03
CB9B03
DCAB03
3F2B03
C7AB03
5CEB03
3D6B03
47EB03
2BEB03
C8FB03
C57B03
477B03
2B7B03
BD1D03
AB9D03
579D03
BCAD03
A7AD03
37AD03
5CDD03
3D5D03
47DD03
2BDD03
A8FD03
54FD03
A57D03
357D03
D51F03
AB1F03
571F03
D4AF03
A72F03
372F03
C8DF03
C55F03
475F03
2B5F03
A8EF03
54EF03
A56F03
356F03
DE2343
9F2343
D3A343
9D6343
5E6343
8BE343
53E343
D17343
CA7343
8B7343
537343
DE1543
9F1543
D39543
9CE543
3E6543
87E543
33E543
D0F543
C67543
877543
337543
DD1943
5F1943
CB9943
DCA943
3F2943
C7A943
5CE943
3D6943
47E943
2BE943
C8F943
C57943
477943
2B7943
9D1D43
5E1D43
8B9D43
539D43
9CAD43
3E2D43
87AD43
33AD43
88FD43
50FD43
857D43
317D43
467D43
2A7D43
D11F43
CA1F43
8B1F43
531F43
D0AF43
C62F43
872F43
332F43
88EF43
50EF43
856F43
316F43
466F43
2A6F43
BE2383
B3A383
97A383
9D5383
5E5383
8BD383
53D383
B17383
957383
AA7383
567383
BE1583
B39583
979583
9CD583
3E5583
87D583
33D583
B0F583
94F583
A67583
367583
BD1983
AB9983
579983
BCA983
A7A983
37A983
5CD983
3D5983
47D983
2BD983
A8F983
54F983
A57983
357983
9D1B83
5E1B83
8B9B83
539B83
9CAB83
3E2B83
87AB83
33AB83
88FB83
50FB83
857B83
317B83
467B83
2A7B83
B11F83
951F83
AA1F83
561F83
B0AF83
94AF83
A62F83
362F83
88DF83
50DF83
855F83
315F83
465F83
2A5F83
D623C3
B323C3
9723C3
D153C3
CA53C3
8B53C3
5353C3
B163C3
9563C3
AA63C3
5663C3
D615C3
B315C3
9715C3
D0D5C3
C655C3
8755C3
3355C3
B0E5C3
94E5C3
A665C3
3665C3
D519C3
AB19C3
5719C3
D4A9C3
A729C3
3729C3
C8D9C3
C559C3
4759C3
2B59C3
A8E9C3
54E9C3
A569C3
3569C3
D11BC3
CA1BC3
8B1BC3
531BC3
D0ABC3
C62BC3
872BC3
332BC3
88EBC3
50EBC3
856BC3
316BC3
466BC3
2A6BC3
B11DC3
951DC3
AA1DC3
561DC3
B0ADC3
94ADC3
A62DC3
362DC3
88DDC3
50DDC3
855DC3
315DC3
465DC3
2A5DC3
DE5213
9F5213
D3D213
BE6213
B3E213
97E213
D67213
B37213
977213
BF1813
D79813
DCD813
3F5813
C7D813
BCE813
A7E813
37E813
D4F813
A77813
377813
DE1A13
9F1A13
D39A13
9CEA13
3E6A13
87EA13
33EA13
D0FA13
C67A13
877A13
337A13
BE1C13
B39C13
979C13
9CDC13
3E5C13
87DC13
33DC13
B0FC13
94FC13
A67C13
367C13
D61E13
B31E13
971E13
D0DE13
C65E13
875E13
335E13
B0EE13
94EE13
A66E13
366E13
DE5053
9F5053
D3D053
BE6053
B3E053
97E053
D67053
B37053
977053
BF0853
D78853
DC5853
1F5853
C3D853
BC6853
A3E853
17E853
D47853
A37853
177853
DE0A53
9F0A53
D38A53
9C6A53
1E6A53
83EA53
13EA53
D07A53
C27A53
837A53
137A53
BE0C53
B38C53
978C53
9C5C53
1E5C53
83DC53
13DC53
B07C53
947C53
A27C53
167C53
D60E53
B30E53
970E53
D05E53
C25E53
835E53
135E53
B06E53
946E53
A26E53
166E53
BF1113
D79113
DCD113
3F5113
C7D113
BCE113
A7E113
37E113
D4F113
A77113
377113
BF0313
D78313
DC5313
1F5313
C3D313
BC6313
A3E313
17E313
D47313
A37313
177313
DC8B13
3F0B13
C78B13
DC1B13
1F1B13
C39B13
3C6B13
1CEB13
23EB13
07EB13
C47B13
C0FB13
237B13
077B13
BC8D13
A78D13
378D13
BC1D13
A39D13
179D13
3C5D13
1CDD13
23DD13
07DD13
A47D13
347D13
A0FD13
14FD13
D48F13
A70F13
370F13
D41F13
A31F13
171F13
C45F13
C0DF13
235F13
075F13
A46F13
346F13
A0EF13
14EF13
DE1153
9F1153
D39153
9CE153
3E6153
87E153
33E153
D0F153
C67153
877153
337153
DE0353
9F0353
D38353
9C6353
1E6353
83E353
13E353
D07353
C27353
837353
137353
DC8953
3F0953
C78953
DC1953
1F1953
C39953
3C6953
1CE953
23E953
07E953
C47953
C0F953
237953
077953
9C8D53
3E0D53
878D53
338D53
9C1D53
1E1D53
839D53
139D53
847D53
307D53
80FD53
10FD53
227D53
067D53
D08F53
C60F53
870F53
330F53
D01F53
C21F53
831F53
131F53
846F53
306F53
80EF53
10EF53
226F53
066F53
BE1193
B39193
979193
9CD193
3E5193
87D193
33D193
B0F193
94F193
A67193
367193
BE0393
B38393
978393
9C5393
1E5393
83D393
13D393
B07393
947393
A27393
167393
BC8993
A78993
378993
BC1993
A39993
179993
3C5993
1CD993
23D993
07D993
A47993
347993
A0F993
14F993
9C8B93
3E0B93
878B93
338B93
9C1B93
1E1B93
839B93
139B93
847B93
307B93
80FB93
10FB93
227B93
067B93
B08F93
948F93
A60F93
360F93
B01F93
941F93
A21F93
161F93
845F93
305F93
80DF93
10DF93
225F93
065F93
D611D3
B311D3
9711D3
D0D1D3
C651D3
8751D3
3351D3
B0E1D3
94E1D3
A661D3
3661D3
D603D3
B303D3
9703D3
D053D3
C253D3
8353D3
1353D3
B063D3
9463D3
A263D3
1663D3
D489D3
A709D3
3709D3
D419D3
A319D3
1719D3
C459D3
C0D9D3
2359D3
0759D3
A469D3
3469D3
A0E9D3
14E9D3
D08BD3
C60BD3
870BD3
330BD3
D01BD3
C21BD3
831BD3
131BD3
846BD3
306BD3
80EBD3
10EBD3
226BD3
066BD3
B08DD3
948DD3
A60DD3
360DD3
B01DD3
941DD3
A21DD3
161DD3
845DD3
305DD3
80DDD3
10DDD3
225DD3
065DD3
BF2223
D7A223
DD5223
5F5223
CBD223
BD6223
ABE223
57E223
D57223
AB7223
577223
BF1423
D79423
DCD423
3F5423
C7D423
BCE423
A7E423
37E423
D4F423
A77423
377423
DD1A23
5F1A23
CB9A23
DCAA23
3F2A23
C7AA23
5CEA23
3D6A23
47EA23
2BEA23
C8FA23
C57A23
477A23
2B7A23
BD1C23
AB9C23
579C23
BCAC23
A7AC23
37AC23
5CDC23
3D5C23
47DC23
2BDC23
A8FC23
54FC23
A57C23
357C23
D51E23
AB1E23
571E23
D4AE23
A72E23
372E23
C8DE23
C55E23
475E23
2B5E23
A8EE23
54EE23
A56E23
356E23
BF2063
D7A063
DD5063
5F5063
CBD063
BD6063
ABE063
57E063
D57063
AB7063
577063
BF0463
D78463
DC5463
1F5463
C3D463
BC6463
A3E463
17E463
D47463
A37463
177463
DD0A63
5F0A63
CB8A63
DC2A63
1F2A63
C3AA63
5C6A63
1D6A63
43EA63
0BEA63
C87A63
C17A63
437A63
0B7A63
BD0C63
AB8C63
578C63
BC2C63
A3AC63
17AC63
5C5C63
1D5C63
43DC63
0BDC63
A87C63
547C63
A17C63
157C63
D50E63
AB0E63
570E63
D42E63
A32E63
172E63
C85E63
C15E63
435E63
0B5E63
A86E63
546E63
A16E63
156E63
DD1163
5F1163
CB9163
DCA163
3F2163
C7A163
5CE163
3D6163
47E163
2BE163
C8F163
C57163
477163
2B7163
DD0363
5F0363
CB8363
DC2363
1F2363
C3A363
5C6363
1D6363
43E363
0BE363
C87363
C17363
437363
0B7363
DC8563
3F0563
C78563
DC1563
1F1563
C39563
3C6563
1CE563
23E563
07E563
C47563
C0F563
237563
077563
5C8D63
3D0D63
478D63
2B8D63
5C1D63
1D1D63
439D63
0B9D63
3C2D63
1CAD63
23AD63
07AD63
447D63
287D63
40FD63
08FD63
217D63
057D63
C88F63
C50F63
470F63
2B0F63
C81F63
C11F63
431F63
0B1F63
C42F63
C0AF63
232F63
072F63
446F63
286F63
40EF63
08EF63
216F63
056F63
BD11A3
AB91A3
5791A3
BCA1A3
A7A1A3
37A1A3
5CD1A3
3D51A3
47D1A3
2BD1A3
A8F1A3
54F1A3
A571A3
3571A3
BD03A3
AB83A3
5783A3
BC23A3
A3A3A3
17A3A3
5C53A3
1D53A3
43D3A3
0BD3A3
A873A3
5473A3
A173A3
1573A3
BC85A3
A785A3
3785A3
BC15A3
A395A3
1795A3
3C55A3
1CD5A3
23D5A3
07D5A3
A475A3
3475A3
A0F5A3
14F5A3
5C8BA3
3D0BA3
478BA3
2B8BA3
5C1BA3
1D1BA3
439BA3
0B9BA3
3C2BA3
1CABA3
23ABA3
07ABA3
447BA3
287BA3
40FBA3
08FBA3
217BA3
057BA3
A88FA3
548FA3
A50FA3
350FA3
A81FA3
541FA3
A11FA3
151FA3
A42FA3
342FA3
A0AFA3
14AFA3
445FA3
285FA3
40DFA3
08DFA3
215FA3
055FA3
D511E3
AB11E3
5711E3
D4A1E3
A721E3
3721E3
C8D1E3
C551E3
4751E3
2B51E3
A8E1E3
54E1E3
A561E3
3561E3
D503E3
AB03E3
5703E3
D423E3
A323E3
1723E3
C853E3
C153E3
4353E3
0B53E3
A863E3
5463E3
A163E3
1563E3
D485E3
A705E3
3705E3
D415E3
A315E3
1715E3
C455E3
C0D5E3
2355E3
0755E3
A465E3
3465E3
A0E5E3
14E5E3
C88BE3
C50BE3
470BE3
2B0BE3
C81BE3
C11BE3
431BE3
0B1BE3
C42BE3
C0ABE3
232BE3
072BE3
446BE3
286BE3
40EBE3
08EBE3
216BE3
056BE3
A88DE3
548DE3
A50DE3
350DE3
A81DE3
541DE3
A11DE3
151DE3
A42DE3
342DE3
A0ADE3
14ADE3
445DE3
285DE3
40DDE3
08DDE3
215DE3
055DE3
DE222B
9F222B
D3A22B
9D622B
5E622B
8BE22B
53E22B
D1722B
CA722B
8B722B
53722B
DE142B
9F142B
D3942B
9CE42B
3E642B
87E42B
33E42B
D0F42B
C6742B
87742B
33742B
DD182B
5F182B
CB982B
DCA82B
3F282B
C7A82B
5CE82B
3D682B
47E82B
2BE82B
C8F82B
C5782B
47782B
2B782B
9D1C2B
5E1C2B
8B9C2B
539C2B
9CAC2B
3E2C2B
87AC2B
33AC2B
88FC2B
50FC2B
857C2B
317C2B
467C2B
2A7C2B
D11E2B
CA1E2B
8B1E2B
531E2B
D0AE2B
C62E2B
872E2B
332E2B
88EE2B
50EE2B
856E2B
316E2B
466E2B
2A6E2B
DE206B
9F206B
D3A06B
9D606B
5E606B
8BE06B
53E06B
D1706B
CA706B
8B706B
53706B
DE046B
9F046B
D3846B
9C646B
1E646B
83E46B
13E46B
D0746B
C2746B
83746B
13746B
DD086B
5F086B
CB886B
DC286B
1F286B
C3A86B
5C686B
1D686B
43E86B
0BE86B
C8786B
C1786B
43786B
0B786B
9D0C6B
5E0C6B
8B8C6B
538C6B
9C2C6B
1E2C6B
83AC6B
13AC6B
887C6B
507C6B
817C6B
117C6B
427C6B
0A7C6B
D10E6B
CA0E6B
8B0E6B
530E6B
D02E6B
C22E6B
832E6B
132E6B
886E6B
506E6B
816E6B
116E6B
426E6B
0A6E6B
DD112B
5F112B
CB912B
DCA12B
3F212B
C7A12B
5CE12B
3D612B
47E12B
2BE12B
C8F12B
C5712B
47712B
2B712B
DD032B
5F032B
CB832B
DC232B
1F232B
C3A32B
5C632B
1D632B
43E32B
0BE32B
C8732B
C1732B
43732B
0B732B
DC852B
3F052B
C7852B
DC152B
1F152B
C3952B
3C652B
1CE52B
23E52B
07E52B
C4752B
C0F52B
23752B
07752B
5C8D2B
3D0D2B
478D2B
2B8D2B
5C1D2B
1D1D2B
439D2B
0B9D2B
3C2D2B
1CAD2B
23AD2B
07AD2B
447D2B
287D2B
40FD2B
08FD2B
217D2B
057D2B
C88F2B
C50F2B
470F2B
2B0F2B
C81F2B
C11F2B
431F2B
0B1F2B
C42F2B
C0AF2B
232F2B
072F2B
446F2B
286F2B
40EF2B
08EF2B
216F2B
056F2B
9D11AB
5E11AB
8B91AB
5391AB
9CA1AB
3E21AB
87A1AB
33A1AB
88F1AB
50F1AB
8571AB
3171AB
4671AB
2A71AB
9D03AB
5E03AB
8B83AB
5383AB
9C23AB
1E23AB
83A3AB
13A3AB
8873AB
5073AB
8173AB
1173AB
4273AB
0A73AB
9C85AB
3E05AB
8785AB
3385AB
9C15AB
1E15AB
8395AB
1395AB
8475AB
3075AB
80F5AB
10F5AB
2275AB
0675AB
5C89AB
3D09AB
4789AB
2B89AB
5C19AB
1D19AB
4399AB
0B99AB
3C29AB
1CA9AB
23A9AB
07A9AB
4479AB
2879AB
40F9AB
08F9AB
2179AB
0579AB
888FAB
508FAB
850FAB
310FAB
460FAB
2A0FAB
881FAB
501FAB
811FAB
111FAB
421FAB
0A1FAB
842FAB
302FAB
80AFAB
10AFAB
222FAB
062FAB
D111EB
CA11EB
8B11EB
5311EB
D0A1EB
C621EB
8721EB
3321EB
88E1EB
50E1EB
8561EB
3161EB
4661EB
2A61EB
D103EB
CA03EB
8B03EB
5303EB
D023EB
C223EB
8323EB
1323EB
8863EB
5063EB
8163EB
1163EB
4263EB
0A63EB
D085EB
C605EB
8705EB
3305EB
D015EB
C215EB
8315EB
1315EB
8465EB
3065EB
80E5EB
10E5EB
2265EB
0665EB
C889EB
C509EB
4709EB
2B09EB
C819EB
C119EB
4319EB
0B19EB
C429EB
C0A9EB
2329EB
0729EB
4469EB
2869EB
40E9EB
08E9EB
2169EB
0569EB
888DEB
508DEB
850DEB
310DEB
460DEB
2A0DEB
881DEB
501DEB
811DEB
111DEB
421DEB
0A1DEB
842DEB
302DEB
80ADEB
10ADEB
222DEB
062DEB
BE2233
B3A233
97A233
9D5233
5E5233
8BD233
53D233
B17233
957233
AA7233
567233
BE1433
B39433
979433
9CD433
3E5433
87D433
33D433
B0F433
94F433
A67433
367433
BD1833
AB9833
579833
BCA833
A7A833
37A833
5CD833
3D5833
47D833
2BD833
A8F833
54F833
A57833
357833
9D1A33
5E1A33
8B9A33
539A33
9CAA33
3E2A33
87AA33
33AA33
88FA33
50FA33
857A33
317A33
467A33
2A7A33
B11E33
951E33
AA1E33
561E33
B0AE33
94AE33
A62E33
362E33
88DE33
50DE33
855E33
315E33
465E33
2A5E33
BE2073
B3A073
97A073
9D5073
5E5073
8BD073
53D073
B17073
957073
AA7073
567073
BE0473
B38473
978473
9C5473
1E5473
83D473
13D473
B07473
947473
A27473
167473
BD0873
AB8873
578873
BC2873
A3A873
17A873
5C5873
1D5873
43D873
0BD873
A87873
547873
A17873
157873
9D0A73
5E0A73
8B8A73
538A73
9C2A73
1E2A73
83AA73
13AA73
887A73
507A73
817A73
117A73
427A73
0A7A73
B10E73
950E73
AA0E73
560E73
B02E73
942E73
A22E73
162E73
885E73
505E73
815E73
115E73
425E73
0A5E73
BD1133
AB9133
579133
BCA133
A7A133
37A133
5CD133
3D5133
47D133
2BD133
A8F133
54F133
A57133
357133
BD0333
AB8333
578333
BC2333
A3A333
17A333
5C5333
1D5333
43D333
0BD333
A87333
547333
A17333
157333
BC8533
A78533
378533
BC1533
A39533
179533
3C5533
1CD533
23D533
07D533
A47533
347533
A0F533
14F533
5C8B33
3D0B33
478B33
2B8B33
5C1B33
1D1B33
439B33
0B9B33
3C2B33
1CAB33
23AB33
07AB33
447B33
287B33
40FB33
08FB33
217B33
057B33
A88F33
548F33
A50F33
350F33
A81F33
541F33
A11F33
151F33
A42F33
342F33
A0AF33
14AF33
445F33
285F33
40DF33
08DF33
215F33
055F33
9D1173
5E1173
8B9173
539173
9CA173
3E2173
87A173
33A173
88F173
50F173
857173
317173
467173
2A7173
9D0373
5E0373
8B8373
538373
9C2373
1E2373
83A373
13A373
887373
507373
817373
117373
427373
0A7373
9C8573
3E0573
878573
338573
9C1573
1E1573
839573
139573
847573
307573
80F573
10F573
227573
067573
5C8973
3D0973
478973
2B8973
5C1973
1D1973
439973
0B9973
3C2973
1CA973
23A973
07A973
447973
287973
40F973
08F973
217973
057973
888F73
508F73
850F73
310F73
460F73
2A0F73
881F73
501F73
811F73
111F73
421F73
0A1F73
842F73
302F73
80AF73
10AF73
222F73
062F73
B111F3
9511F3
AA11F3
5611F3
B0A1F3
94A1F3
A621F3
3621F3
88D1F3
50D1F3
8551F3
3151F3
4651F3
2A51F3
B103F3
9503F3
AA03F3
5603F3
B023F3
9423F3
A223F3
1623F3
8853F3
5053F3
8153F3
1153F3
4253F3
0A53F3
B085F3
9485F3
A605F3
3605F3
B015F3
9415F3
A215F3
1615F3
8455F3
3055F3
80D5F3
10D5F3
2255F3
0655F3
A889F3
5489F3
A509F3
3509F3
A819F3
5419F3
A119F3
1519F3
A429F3
3429F3
A0A9F3
14A9F3
4459F3
2859F3
40D9F3
08D9F3
2159F3
0559F3
888BF3
508BF3
850BF3
310BF3
460BF3
2A0BF3
881BF3
501BF3
811BF3
111BF3
421BF3
0A1BF3
842BF3
302BF3
80ABF3
10ABF3
222BF3
062BF3
D6223B
B3223B
97223B
D1523B
CA523B
8B523B
53523B
B1623B
95623B
AA623B
56623B
D6143B
B3143B
97143B
D0D43B
C6543B
87543B
33543B
B0E43B
94E43B
A6643B
36643B
D5183B
AB183B
57183B
D4A83B
A7283B
37283B
C8D83B
C5583B
47583B
2B583B
A8E83B
54E83B
A5683B
35683B
D11A3B
CA1A3B
8B1A3B
531A3B
D0AA3B
C62A3B
872A3B
332A3B
88EA3B
50EA3B
856A3B
316A3B
466A3B
2A6A3B
B11C3B
951C3B
AA1C3B
561C3B
B0AC3B
94AC3B
A62C3B
362C3B
88DC3B
50DC3B
855C3B
315C3B
465C3B
2A5C3B
D6207B
B3207B
97207B
D1507B
CA507B
8B507B
53507B
B1607B
95607B
AA607B
56607B
D6047B
B3047B
97047B
D0547B
C2547B
83547B
13547B
B0647B
94647B
A2647B
16647B
D5087B
AB087B
57087B
D4287B
A3287B
17287B
C8587B
C1587B
43587B
0B587B
A8687B
54687B
A1687B
15687B
D10A7B
CA0A7B
8B0A7B
530A7B
D02A7B
C22A7B
832A7B
132A7B
886A7B
506A7B
816A7B
116A7B
426A7B
0A6A7B
B10C7B
950C7B
AA0C7B
560C7B
B02C7B
942C7B
A22C7B
162C7B
885C7B
505C7B
815C7B
115C7B
425C7B
0A5C7B
D5113B
AB113B
57113B
D4A13B
A7213B
37213B
C8D13B
C5513B
47513B
2B513B
A8E13B
54E13B
A5613B
35613B
D5033B
AB033B
57033B
D4233B
A3233B
17233B
C8533B
C1533B
43533B
0B533B
A8633B
54633B
A1633B
15633B
D4853B
A7053B
37053B
D4153B
A3153B
17153B
C4553B
C0D53B
23553B
07553B
A4653B
34653B
A0E53B
14E53B
C88B3B
C50B3B
470B3B
2B0B3B
C81B3B
C11B3B
431B3B
0B1B3B
C42B3B
C0AB3B
232B3B
072B3B
446B3B
286B3B
40EB3B
08EB3B
216B3B
056B3B
A88D3B
548D3B
A50D3B
350D3B
A81D3B
541D3B
A11D3B
151D3B
A42D3B
342D3B
A0AD3B
14AD3B
445D3B
285D3B
40DD3B
08DD3B
215D3B
055D3B
D1117B
CA117B
8B117B
53117B
D0A17B
C6217B
87217B
33217B
88E17B
50E17B
85617B
31617B
46617B
2A617B
D1037B
CA037B
8B037B
53037B
D0237B
C2237B
83237B
13237B
88637B
50637B
81637B
11637B
42637B
0A637B
D0857B
C6057B
87057B
33057B
D0157B
C2157B
83157B
13157B
84657B
30657B
80E57B
10E57B
22657B
06657B
C8897B
C5097B
47097B
2B097B
C8197B
C1197B
43197B
0B197B
C4297B
C0A97B
23297B
07297B
44697B
28697B
40E97B
08E97B
21697B
05697B
888D7B
508D7B
850D7B
310D7B
460D7B
2A0D7B
881D7B
501D7B
811D7B
111D7B
421D7B
0A1D7B
842D7B
302D7B
80AD7B
10AD7B
222D7B
062D7B
B111BB
9511BB
AA11BB
5611BB
B0A1BB
94A1BB
A621BB
3621BB
88D1BB
50D1BB
8551BB
3151BB
4651BB
2A51BB
B103BB
9503BB
AA03BB
5603BB
B023BB
9423BB
A223BB
1623BB
8853BB
5053BB
8153BB
1153BB
4253BB
0A53BB
B085BB
9485BB
A605BB
3605BB
B015BB
9415BB
A215BB
1615BB
8455BB
3055BB
80D5BB
10D5BB
2255BB
0655BB
A889BB
5489BB
A509BB
3509BB
A819BB
5419BB
A119BB
1519BB
A429BB
3429BB
A0A9BB
14A9BB
4459BB
2859BB
40D9BB
08D9BB
2159BB
0559BB
888BBB
508BBB
850BBB
310BBB
460BBB
2A0BBB
881BBB
501BBB
811BBB
111BBB
421BBB
0A1BBB
842BBB
302BBB
80ABBB
10ABBB
222BBB
062BBB
BF3444
D7B444
DDD444
7F5444
CFD444
BDE444
AFE444
77E444
D5F444
AF7444
777444
DDAA44
7F2A44
CFAA44
DD3A44
5F3A44
CBBA44
7D6A44
5DEA44
6BEA44
4FEA44
CD7A44
C9FA44
6B7A44
4F7A44
BDAC44
AFAC44
77AC44
BD3C44
ABBC44
57BC44
7D5C44
5DDC44
6BDC44
4FDC44
AD7C44
757C44
A9FC44
55FC44
D5AE44
AF2E44
772E44
D53E44
AB3E44
573E44
CD5E44
C9DE44
6B5E44
4F5E44
AD6E44
756E44
A9EE44
55EE44
BF22C4
D7A2C4
DD52C4
5F52C4
CBD2C4
BD62C4
ABE2C4
57E2C4
D572C4
AB72C4
5772C4
BF14C4
D794C4
DCD4C4
3F54C4
C7D4C4
BCE4C4
A7E4C4
37E4C4
D4F4C4
A774C4
3774C4
DD1AC4
5F1AC4
CB9AC4
DCAAC4
3F2AC4
C7AAC4
5CEAC4
3D6AC4
47EAC4
2BEAC4
C8FAC4
C57AC4
477AC4
2B7AC4
BD1CC4
AB9CC4
579CC4
BCACC4
A7ACC4
37ACC4
5CDCC4
3D5CC4
47DCC4
2BDCC4
A8FCC4
54FCC4
A57CC4
357CC4
D51EC4
AB1EC4
571EC4
D4AEC4
A72EC4
372EC4
C8DEC4
C55EC4
475EC4
2B5EC4
A8EEC4
54EEC4
A56EC4
356EC4
DDA344
7F2344
CFA344
DD3344
5F3344
CBB344
7D6344
5DE344
6BE344
4FE344
CD7344
C9F344
6B7344
4F7344
DD9544
7F1544
CF9544
DCB544
3F3544
C7B544
7CE544
3DE544
67E544
2FE544
CCF544
C5F544
677544
2F7544
7D1D44
5D9D44
6B9D44
4F9D44
7CAD44
3DAD44
67AD44
2FAD44
5CBD44
3D3D44
47BD44
2BBD44
68FD44
4CFD44
657D44
2D7D44
45FD44
29FD44
CD1F44
C99F44
6B1F44
4F1F44
CCAF44
C5AF44
672F44
2F2F44
C8BF44
C53F44
473F44
2B3F44
68EF44
4CEF44
656F44
2D6F44
45EF44
29EF44
BDA384
AFA384
77A384
BD3384
ABB384
57B384
7D5384
5DD384
6BD384
4FD384
AD7384
757384
A9F384
55F384
BD9584
AF9584
779584
BCB584
A7B584
37B584
7CD584
3DD584
67D584
2FD584
ACF584
74F584
A5F584
35F584
7D1B84
5D9B84
6B9B84
4F9B84
7CAB84
3DAB84
67AB84
2FAB84
5CBB84
3D3B84
47BB84
2BBB84
68FB84
4CFB84
657B84
2D7B84
45FB84
29FB84
AD1F84
751F84
A99F84
559F84
ACAF84
74AF84
A5AF84
35AF84
A8BF84
54BF84
A53F84
353F84
68DF84
4CDF84
655F84
2D5F84
45DF84
29DF84
D5A3C4
AF23C4
7723C4
D533C4
AB33C4
5733C4
CD53C4
C9D3C4
6B53C4
4F53C4
AD63C4
7563C4
A9E3C4
55E3C4
D595C4
AF15C4
7715C4
D4B5C4
A735C4
3735C4
CCD5C4
C5D5C4
6755C4
2F55C4
ACE5C4
74E5C4
A5E5C4
35E5C4
CD1BC4
C99BC4
6B1BC4
4F1BC4
CCABC4
C5ABC4
672BC4
2F2BC4
C8BBC4
C53BC4
473BC4
2B3BC4
68EBC4
4CEBC4
656BC4
2D6BC4
45EBC4
29EBC4
AD1DC4
751DC4
A99DC4
559DC4
ACADC4
74ADC4
A5ADC4
35ADC4
A8BDC4
54BDC4
A53DC4
353DC4
68DDC4
4CDDC4
655DC4
2D5DC4
45DDC4
29DDC4
BF3214
D7B214
DDD214
7F5214
CFD214
BDE214
AFE214
77E214
D5F214
AF7214
777214
DD9A14
7F1A14
CF9A14
DCBA14
3F3A14
C7BA14
7CEA14
3DEA14
67EA14
2FEA14
CCFA14
C5FA14
677A14
2F7A14
BD9C14
AF9C14
779C14
BCBC14
A7BC14
37BC14
7CDC14
3DDC14
67DC14
2FDC14
ACFC14
74FC14
A5FC14
35FC14
D59E14
AF1E14
771E14
D4BE14
A73E14
373E14
CCDE14
C5DE14
675E14
2F5E14
ACEE14
74EE14
A5EE14
35EE14
BF3054
D7B054
DDD054
7F5054
CFD054
BDE054
AFE054
77E054
D5F054
AF7054
777054
DD8A54
7F0A54
CF8A54
DC3A54
1F3A54
C3BA54
7C6A54
1DEA54
63EA54
0FEA54
CC7A54
C1FA54
637A54
0F7A54
BD8C54
AF8C54
778C54
BC3C54
A3BC54
17BC54
7C5C54
1DDC54
63DC54
0FDC54
AC7C54
747C54
A1FC54
15FC54
D58E54
AF0E54
770E54
D43E54
A33E54
173E54
CC5E54
C1DE54
635E54
0F5E54
AC6E54
746E54
A1EE54
15EE54
BF10D4
D790D4
DCD0D4
3F50D4
C7D0D4
BCE0D4
A7E0D4
37E0D4
D4F0D4
A770D4
3770D4
BF02D4
D782D4
DC52D4
1F52D4
C3D2D4
BC62D4
A3E2D4
17E2D4
D472D4
A372D4
1772D4
DC8AD4
3F0AD4
C78AD4
DC1AD4
1F1AD4
C39AD4
3C6AD4
1CEAD4
23EAD4
07EAD4
C47AD4
C0FAD4
237AD4
077AD4
BC8CD4
A78CD4
378CD4
BC1CD4
A39CD4
179CD4
3C5CD4
1CDCD4
23DCD4
07DCD4
A47CD4
347CD4
A0FCD4
14FCD4
D48ED4
A70ED4
370ED4
D41ED4
A31ED4
171ED4
C45ED4
C0DED4
235ED4
075ED4
A46ED4
346ED4
A0EED4
14EED4
DD9154
7F1154
CF9154
DCB154
3F3154
C7B154
7CE154
3DE154
67E154
2FE154
CCF154
C5F154
677154
2F7154
DD8354
7F0354
CF8354
DC3354
1F3354
C3B354
7C6354
1DE354
63E354
0FE354
CC7354
C1F354
637354
0F7354
7C8D54
3D8D54
678D54
2F8D54
7C1D54
1D9D54
639D54
0F9D54
3C3D54
1CBD54
23BD54
07BD54
647D54
2C7D54
60FD54
0CFD54
21FD54
05FD54
CC8F54
C58F54
670F54
2F0F54
CC1F54
C19F54
631F54
0F1F54
C43F54
C0BF54
233F54
073F54
646F54
2C6F54
60EF54
0CEF54
21EF54
05EF54
BD9194
AF9194
779194
BCB194
A7B194
37B194
7CD194
3DD194
67D194
2FD194
ACF194
74F194
A5F194
35F194
BD8394
AF8394
778394
BC3394
A3B394
17B394
7C5394
1DD394
63D394
0FD394
AC7394
747394
A1F394
15F394
7C8B94
3D8B94
678B94
2F8B94
7C1B94
1D9B94
639B94
0F9B94
3C3B94
1CBB94
23BB94
07BB94
647B94
2C7B94
60FB94
0CFB94
21FB94
05FB94
AC8F94
748F94
A58F94
358F94
AC1F94
741F94
A19F94
159F94
A43F94
343F94
A0BF94
14BF94
645F94
2C5F94
60DF94
0CDF94
21DF94
05DF94
D591D4
AF11D4
7711D4
D4B1D4
A731D4
3731D4
CCD1D4
C5D1D4
6751D4
2F51D4
ACE1D4
74E1D4
A5E1D4
35E1D4
D583D4
AF03D4
7703D4
D433D4
A333D4
1733D4
CC53D4
C1D3D4
6353D4
0F53D4
AC63D4
7463D4
A1E3D4
15E3D4
CC8BD4
C58BD4
670BD4
2F0BD4
CC1BD4
C19BD4
631BD4
0F1BD4
C43BD4
C0BBD4
233BD4
073BD4
646BD4
2C6BD4
60EBD4
0CEBD4
21EBD4
05EBD4
AC8DD4
748DD4
A58DD4
358DD4
AC1DD4
741DD4
A19DD4
159DD4
A43DD4
343DD4
A0BDD4
14BDD4
645DD4
2C5DD4
60DDD4
0CDDD4
21DDD4
05DDD4
BF221C
D7A21C
DD521C
5F521C
CBD21C
BD621C
ABE21C
57E21C
D5721C
AB721C
57721C
BF141C
D7941C
DCD41C
3F541C
C7D41C
BCE41C
A7E41C
37E41C
D4F41C
A7741C
37741C
DD1A1C
5F1A1C
CB9A1C
DCAA1C
3F2A1C
C7AA1C
5CEA1C
3D6A1C
47EA1C
2BEA1C
C8FA1C
C57A1C
477A1C
2B7A1C
BD1C1C
AB9C1C
579C1C
BCAC1C
A7AC1C
37AC1C
5CDC1C
3D5C1C
47DC1C
2BDC1C
A8FC1C
54FC1C
A57C1C
357C1C
D51E1C
AB1E1C
571E1C
D4AE1C
A72E1C
372E1C
C8DE1C
C55E1C
475E1C
2B5E1C
A8EE1C
54EE1C
A56E1C
356E1C
BF205C
D7A05C
DD505C
5F505C
CBD05C
BD605C
ABE05C
57E05C
D5705C
AB705C
57705C
BF045C
D7845C
DC545C
1F545C
C3D45C
BC645C
A3E45C
17E45C
D4745C
A3745C
17745C
DD0A5C
5F0A5C
CB8A5C
DC2A5C
1F2A5C
C3AA5C
5C6A5C
1D6A5C
43EA5C
0BEA5C
C87A5C
C17A5C
437A5C
0B7A5C
BD0C5C
AB8C5C
578C5C
BC2C5C
A3AC5C
17AC5C
5C5C5C
1D5C5C
43DC5C
0BDC5C
A87C5C
547C5C
A17C5C
157C5C
D50E5C
AB0E5C
570E5C
D42E5C
A32E5C
172E5C
C85E5C
C15E5C
435E5C
0B5E5C
A86E5C
546E5C
A16E5C
156E5C
DD115C
5F115C
CB915C
DCA15C
3F215C
C7A15C
5CE15C
3D615C
47E15C
2BE15C
C8F15C
C5715C
47715C
2B715C
DD035C
5F035C
CB835C
DC235C
1F235C
C3A35C
5C635C
1D635C
43E35C
0BE35C
C8735C
C1735C
43735C
0B735C
DC855C
3F055C
C7855C
DC155C
1F155C
C3955C
3C655C
1CE55C
23E55C
07E55C
C4755C
C0F55C
23755C
07755C
5C8D5C
3D0D5C
478D5C
2B8D5C
5C1D5C
1D1D5C
439D5C
0B9D5C
3C2D5C
1CAD5C
23AD5C
07AD5C
447D5C
287D5C
40FD5C
08FD5C
217D5C
057D5C
C88F5C
C50F5C
470F5C
2B0F5C
C81F5C
C11F5C
431F5C
0B1F5C
C42F5C
C0AF5C
232F5C
072F5C
446F5C
286F5C
40EF5C
08EF5C
216F5C
056F5C
BD119C
AB919C
57919C
BCA19C
A7A19C
37A19C
5CD19C
3D519C
47D19C
2BD19C
A8F19C
54F19C
A5719C
35719C
BD039C
AB839C
57839C
BC239C
A3A39C
17A39C
5C539C
1D539C
43D39C
0BD39C
A8739C
54739C
A1739C
15739C
BC859C
A7859C
37859C
BC159C
A3959C
17959C
3C559C
1CD59C
23D59C
07D59C
A4759C
34759C
A0F59C
14F59C
5C8B9C
3D0B9C
478B9C
2B8B9C
5C1B9C
1D1B9C
439B9C
0B9B9C
3C2B9C
1CAB9C
23AB9C
07AB9C
447B9C
287B9C
40FB9C
08FB9C
217B9C
057B9C
A88F9C
548F9C
A50F9C
350F9C
A81F9C
541F9C
A11F9C
151F9C
A42F9C
342F9C
A0AF9C
14AF9C
445F9C
285F9C
40DF9C
08DF9C
215F9C
055F9C
D511DC
AB11DC
5711DC
D4A1DC
A721DC
3721DC
C8D1DC
C551DC
4751DC
2B51DC
A8E1DC
54E1DC
A561DC
3561DC
D503DC
AB03DC
5703DC
D423DC
A323DC
1723DC
C853DC
C153DC
4353DC
0B53DC
A863DC
5463DC
A163DC
1563DC
D485DC
A705DC
3705DC
D415DC
A315DC
1715DC
C455DC
C0D5DC
2355DC
0755DC
A465DC
3465DC
A0E5DC
14E5DC
C88BDC
C50BDC
470BDC
2B0BDC
C81BDC
C11BDC
431BDC
0B1BDC
C42BDC
C0ABDC
232BDC
072BDC
446BDC
286BDC
40EBDC
08EBDC
216BDC
056BDC
A88DDC
548DDC
A50DDC
350DDC
A81DDC
541DDC
A11DDC
151DDC
A42DDC
342DDC
A0ADDC
14ADDC
445DDC
285DDC
40DDDC
08DDDC
215DDC
055DDC
DDA22C
7F222C
CFA22C
DD322C
5F322C
CBB22C
7D622C
5DE22C
6BE22C
4FE22C
CD722C
C9F22C
6B722C
4F722C
DD942C
7F142C
CF942C
DCB42C
3F342C
C7B42C
7CE42C
3DE42C
67E42C
2FE42C
CCF42C
C5F42C
67742C
2F742C
7D1C2C
5D9C2C
6B9C2C
4F9C2C
7CAC2C
3DAC2C
67AC2C
2FAC2C
5CBC2C
3D3C2C
47BC2C
2BBC2C
68FC2C
4CFC2C
657C2C
2D7C2C
45FC2C
29FC2C
CD1E2C
C99E2C
6B1E2C
4F1E2C
CCAE2C
C5AE2C
672E2C
2F2E2C
C8BE2C
C53E2C
473E2C
2B3E2C
68EE2C
4CEE2C
656E2C
2D6E2C
45EE2C
29EE2C
DDA06C
7F206C
CFA06C
DD306C
5F306C
CBB06C
7D606C
5DE06C
6BE06C
4FE06C
CD706C
C9F06C
6B706C
4F706C
DD846C
7F046C
CF846C
DC346C
1F346C
C3B46C
7C646C
1DE46C
63E46C
0FE46C
CC746C
C1F46C
63746C
0F746C
7D0C6C
5D8C6C
6B8C6C
4F8C6C
7C2C6C
1DAC6C
63AC6C
0FAC6C
5C3C6C
1D3C6C
43BC6C
0BBC6C
687C6C
4C7C6C
617C6C
0D7C6C
41FC6C
09FC6C
CD0E6C
C98E6C
6B0E6C
4F0E6C
CC2E6C
C1AE6C
632E6C
0F2E6C
C83E6C
C13E6C
433E6C
0B3E6C
686E6C
4C6E6C
616E6C
0D6E6C
41EE6C
09EE6C
DD10EC
5F10EC
CB90EC
DCA0EC
3F20EC
C7A0EC
5CE0EC
3D60EC
47E0EC
2BE0EC
C8F0EC
C570EC
4770EC
2B70EC
DD02EC
5F02EC
CB82EC
DC22EC
1F22EC
C3A2EC
5C62EC
1D62EC
43E2EC
0BE2EC
C872EC
C172EC
4372EC
0B72EC
DC84EC
3F04EC
C784EC
DC14EC
1F14EC
C394EC
3C64EC
1CE4EC
23E4EC
07E4EC
C474EC
C0F4EC
2374EC
0774EC
5C8CEC
3D0CEC
478CEC
2B8CEC
5C1CEC
1D1CEC
439CEC
0B9CEC
3C2CEC
1CACEC
23ACEC
07ACEC
447CEC
287CEC
40FCEC
08FCEC
217CEC
057CEC
C88EEC
C50EEC
470EEC
2B0EEC
C81EEC
C11EEC
431EEC
0B1EEC
C42EEC
C0AEEC
232EEC
072EEC
446EEC
286EEC
40EEEC
08EEEC
216EEC
056EEC
7D11AC
5D91AC
6B91AC
4F91AC
7CA1AC
3DA1AC
67A1AC
2FA1AC
5CB1AC
3D31AC
47B1AC
2BB1AC
68F1AC
4CF1AC
6571AC
2D71AC
45F1AC
29F1AC
7D03AC
5D83AC
6B83AC
4F83AC
7C23AC
1DA3AC
63A3AC
0FA3AC
5C33AC
1D33AC
43B3AC
0BB3AC
6873AC
4C73AC
6173AC
0D73AC
41F3AC
09F3AC
7C85AC
3D85AC
6785AC
2F85AC
7C15AC
1D95AC
6395AC
0F95AC
3C35AC
1CB5AC
23B5AC
07B5AC
6475AC
2C75AC
60F5AC
0CF5AC
21F5AC
05F5AC
688FAC
4C8FAC
650FAC
2D0FAC
458FAC
298FAC
681FAC
4C1FAC
611FAC
0D1FAC
419FAC
099FAC
642FAC
2C2FAC
60AFAC
0CAFAC
21AFAC
05AFAC
443FAC
283FAC
40BFAC
08BFAC
213FAC
053FAC
CD11EC
C991EC
6B11EC
4F11EC
CCA1EC
C5A1EC
6721EC
2F21EC
C8B1EC
C531EC
4731EC
2B31EC
68E1EC
4CE1EC
6561EC
2D61EC
45E1EC
29E1EC
CD03EC
C983EC
6B03EC
4F03EC
CC23EC
C1A3EC
6323EC
0F23EC
C833EC
C133EC
4333EC
0B33EC
6863EC
4C63EC
6163EC
0D63EC
41E3EC
09E3EC
CC85EC
C585EC
6705EC
2F05EC
CC15EC
C195EC
6315EC
0F15EC
C435EC
C0B5EC
2335EC
0735EC
6465EC
2C65EC
60E5EC
0CE5EC
21E5EC
05E5EC
688DEC
4C8DEC
650DEC
2D0DEC
458DEC
298DEC
681DEC
4C1DEC
611DEC
0D1DEC
419DEC
099DEC
642DEC
2C2DEC
60ADEC
0CADEC
21ADEC
05ADEC
443DEC
283DEC
40BDEC
08BDEC
213DEC
053DEC
BDA234
AFA234
77A234
BD3234
ABB234
57B234
7D5234
5DD234
6BD234
4FD234
AD7234
757234
A9F234
55F234
BD9434
AF9434
779434
BCB434
A7B434
37B434
7CD434
3DD434
67D434
2FD434
ACF434
74F434
A5F434
35F434
7D1A34
5D9A34
6B9A34
4F9A34
7CAA34
3DAA34
67AA34
2FAA34
5CBA34
3D3A34
47BA34
2BBA34
68FA34
4CFA34
657A34
2D7A34
45FA34
29FA34
AD1E34
751E34
A99E34
559E34
ACAE34
74AE34
A5AE34
35AE34
A8BE34
54BE34
A53E34
353E34
68DE34
4CDE34
655E34
2D5E34
45DE34
29DE34
BDA074
AFA074
77A074
BD3074
ABB074
57B074
7D5074
5DD074
6BD074
4FD074
AD7074
757074
A9F074
55F074
BD8474
AF8474
778474
BC3474
A3B474
17B474
7C5474
1DD474
63D474
0FD474
AC7474
747474
A1F474
15F474
7D0A74
5D8A74
6B8A74
4F8A74
7C2A74
1DAA74
63AA74
0FAA74
5C3A74
1D3A74
43BA74
0BBA74
687A74
4C7A74
617A74
0D7A74
41FA74
09FA74
AD0E74
750E74
A98E74
558E74
AC2E74
742E74
A1AE74
15AE74
A83E74
543E74
A13E74
153E74
685E74
4C5E74
615E74
0D5E74
41DE74
09DE74
BD10F4
AB90F4
5790F4
BCA0F4
A7A0F4
37A0F4
5CD0F4
3D50F4
47D0F4
2BD0F4
A8F0F4
54F0F4
A570F4
3570F4
BD02F4
AB82F4
5782F4
BC22F4
A3A2F4
17A2F4
5C52F4
1D52F4
43D2F4
0BD2F4
A872F4
5472F4
A172F4
1572F4
BC84F4
A784F4
3784F4
BC14F4
A394F4
1794F4
3C54F4
1CD4F4
23D4F4
07D4F4
A474F4
3474F4
A0F4F4
14F4F4
5C8AF4
3D0AF4
478AF4
2B8AF4
5C1AF4
1D1AF4
439AF4
0B9AF4
3C2AF4
1CAAF4
23AAF4
07AAF4
447AF4
287AF4
40FAF4
08FAF4
217AF4
057AF4
A88EF4
548EF4
A50EF4
350EF4
A81EF4
541EF4
A11EF4
151EF4
A42EF4
342EF4
A0AEF4
14AEF4
445EF4
285EF4
40DEF4
08DEF4
215EF4
055EF4
7D1174
5D9174
6B9174
4F9174
7CA174
3DA174
67A174
2FA174
5CB174
3D3174
47B174
2BB174
68F174
4CF174
657174
2D7174
45F174
29F174
7D0374
5D8374
6B8374
4F8374
7C2374
1DA374
63A374
0FA374
5C3374
1D3374
43B374
0BB374
687374
4C7374
617374
0D7374
41F374
09F374
7C8574
3D8574
678574
2F8574
7C1574
1D9574
639574
0F9574
3C3574
1CB574
23B574
07B574
647574
2C7574
60F574
0CF574
21F574
05F574
688F74
4C8F74
650F74
2D0F74
458F74
298F74
681F74
4C1F74
611F74
0D1F74
419F74
099F74
642F74
2C2F74
60AF74
0CAF74
21AF74
05AF74
443F74
283F74
40BF74
08BF74
213F74
053F74
AD11F4
7511F4
A991F4
5591F4
ACA1F4
74A1F4
A5A1F4
35A1F4
A8B1F4
54B1F4
A531F4
3531F4
68D1F4
4CD1F4
6551F4
2D51F4
45D1F4
29D1F4
AD03F4
7503F4
A983F4
5583F4
AC23F4
7423F4
A1A3F4
15A3F4
A833F4
5433F4
A133F4
1533F4
6853F4
4C53F4
6153F4
0D53F4
41D3F4
09D3F4
AC85F4
7485F4
A585F4
3585F4
AC15F4
7415F4
A195F4
1595F4
A435F4
3435F4
A0B5F4
14B5F4
6455F4
2C55F4
60D5F4
0CD5F4
21D5F4
05D5F4
688BF4
4C8BF4
650BF4
2D0BF4
458BF4
298BF4
681BF4
4C1BF4
611BF4
0D1BF4
419BF4
099BF4
642BF4
2C2BF4
60ABF4
0CABF4
21ABF4
05ABF4
443BF4
283BF4
40BBF4
08BBF4
213BF4
053BF4
D5A23C
AF223C
77223C
D5323C
AB323C
57323C
CD523C
C9D23C
6B523C
4F523C
AD623C
75623C
A9E23C
55E23C
D5943C
AF143C
77143C
D4B43C
A7343C
37343C
CCD43C
C5D43C
67543C
2F543C
ACE43C
74E43C
A5E43C
35E43C
CD1A3C
C99A3C
6B1A3C
4F1A3C
CCAA3C
C5AA3C
672A3C
2F2A3C
C8BA3C
C53A3C
473A3C
2B3A3C
68EA3C
4CEA3C
656A3C
2D6A3C
45EA3C
29EA3C
AD1C3C
751C3C
A99C3C
559C3C
ACAC3C
74AC3C
A5AC3C
35AC3C
A8BC3C
54BC3C
A53C3C
353C3C
68DC3C
4CDC3C
655C3C
2D5C3C
45DC3C
29DC3C
D5A07C
AF207C
77207C
D5307C
AB307C
57307C
CD507C
C9D07C
6B507C
4F507C
AD607C
75607C
A9E07C
55E07C
D5847C
AF047C
77047C
D4347C
A3347C
17347C
CC547C
C1D47C
63547C
0F547C
AC647C
74647C
A1E47C
15E47C
CD0A7C
C98A7C
6B0A7C
4F0A7C
CC2A7C
C1AA7C
632A7C
0F2A7C
C83A7C
C13A7C
433A7C
0B3A7C
686A7C
4C6A7C
616A7C
0D6A7C
41EA7C
09EA7C
AD0C7C
750C7C
A98C7C
558C7C
AC2C7C
742C7C
A1AC7C
15AC7C
A83C7C
543C7C
A13C7C
153C7C
685C7C
4C5C7C
615C7C
0D5C7C
41DC7C
09DC7C
D510FC
AB10FC
5710FC
D4A0FC
A720FC
3720FC
C8D0FC
C550FC
4750FC
2B50FC
A8E0FC
54E0FC
A560FC
3560FC
D502FC
AB02FC
5702FC
D422FC
A322FC
1722FC
C852FC
C152FC
4352FC
0B52FC
A862FC
5462FC
A162FC
1562FC
D484FC
A704FC
3704FC
D414FC
A314FC
1714FC
C454FC
C0D4FC
2354FC
0754FC
A464FC
3464FC
A0E4FC
14E4FC
C88AFC
C50AFC
470AFC
2B0AFC
C81AFC
C11AFC
431AFC
0B1AFC
C42AFC
C0AAFC
232AFC
072AFC
446AFC
286AFC
40EAFC
08EAFC
216AFC
056AFC
A88CFC
548CFC
A50CFC
350CFC
A81CFC
541CFC
A11CFC
151CFC
A42CFC
342CFC
A0ACFC
14ACFC
445CFC
285CFC
40DCFC
08DCFC
215CFC
055CFC
CD117C
C9917C
6B117C
4F117C
CCA17C
C5A17C
67217C
2F217C
C8B17C
C5317C
47317C
2B317C
68E17C
4CE17C
65617C
2D617C
45E17C
29E17C
CD037C
C9837C
6B037C
4F037C
CC237C
C1A37C
63237C
0F237C
C8337C
C1337C
43337C
0B337C
68637C
4C637C
61637C
0D637C
41E37C
09E37C
CC857C
C5857C
67057C
2F057C
CC157C
C1957C
63157C
0F157C
C4357C
C0B57C
23357C
07357C
64657C
2C657C
60E57C
0CE57C
21E57C
05E57C
688D7C
4C8D7C
650D7C
2D0D7C
458D7C
298D7C
681D7C
4C1D7C
611D7C
0D1D7C
419D7C
099D7C
642D7C
2C2D7C
60AD7C
0CAD7C
21AD7C
05AD7C
443D7C
283D7C
40BD7C
08BD7C
213D7C
053D7C
AD11BC
7511BC
A991BC
5591BC
ACA1BC
74A1BC
A5A1BC
35A1BC
A8B1BC
54B1BC
A531BC
3531BC
68D1BC
4CD1BC
6551BC
2D51BC
45D1BC
29D1BC
AD03BC
7503BC
A983BC
5583BC
AC23BC
7423BC
A1A3BC
15A3BC
A833BC
5433BC
A133BC
1533BC
6853BC
4C53BC
6153BC
0D53BC
41D3BC
09D3BC
AC85BC
7485BC
A585BC
3585BC
AC15BC
7415BC
A195BC
1595BC
A435BC
3435BC
A0B5BC
14B5BC
6455BC
2C55BC
60D5BC
0CD5BC
21D5BC
05D5BC
688BBC
4C8BBC
650BBC
2D0BBC
458BBC
298BBC
681BBC
4C1BBC
611BBC
0D1BBC
419BBC
099BBC
642BBC
2C2BBC
60ABBC
0CABBC
21ABBC
05ABBC
443BBC
283BBC
40BBBC
08BBBC
213BBC
053BBC
DE3445
9F3445
D3B445
9DE445
7E6445
8FE445
73E445
D1F445
CE7445
8F7445
737445
DDA845
7F2845
CFA845
DD3845
5F3845
CBB845
7D6845
5DE845
6BE845
4FE845
CD7845
C9F845
6B7845
4F7845
9DAC45
7E2C45
8FAC45
73AC45
9D3C45
5E3C45
8BBC45
53BC45
8D7C45
717C45
89FC45
51FC45
6A7C45
4E7C45
D1AE45
CE2E45
8F2E45
732E45
D13E45
CA3E45
8B3E45
533E45
8D6E45
716E45
89EE45
51EE45
6A6E45
4E6E45
DE22C5
9F22C5
D3A2C5
9D62C5
5E62C5
8BE2C5
53E2C5
D172C5
CA72C5
8B72C5
5372C5
DE14C5
9F14C5
D394C5
9CE4C5
3E64C5
87E4C5
33E4C5
D0F4C5
C674C5
8774C5
3374C5
DD18C5
5F18C5
CB98C5
DCA8C5
3F28C5
C7A8C5
5CE8C5
3D68C5
47E8C5
2BE8C5
C8F8C5
C578C5
4778C5
2B78C5
9D1CC5
5E1CC5
8B9CC5
539CC5
9CACC5
3E2CC5
87ACC5
33ACC5
88FCC5
50FCC5
857CC5
317CC5
467CC5
2A7CC5
D11EC5
CA1EC5
8B1EC5
531EC5
D0AEC5
C62EC5
872EC5
332EC5
88EEC5
50EEC5
856EC5
316EC5
466EC5
2A6EC5
DDA305
7F2305
CFA305
DD3305
5F3305
CBB305
7D6305
5DE305
6BE305
4FE305
CD7305
C9F305
6B7305
4F7305
DD9505
7F1505
CF9505
DCB505
3F3505
C7B505
7CE505
3DE505
67E505
2FE505
CCF505
C5F505
677505
2F7505
7D1D05
5D9D05
6B9D05
4F9D05
7CAD05
3DAD05
67AD05
2FAD05
5CBD05
3D3D05
47BD05
2BBD05
68FD05
4CFD05
657D05
2D7D05
45FD05
29FD05
CD1F05
C99F05
6B1F05
4F1F05
CCAF05
C5AF05
672F05
2F2F05
C8BF05
C53F05
473F05
2B3F05
68EF05
4CEF05
656F05
2D6F05
45EF05
29EF05
9DA385
7E2385
8FA385
73A385
9D3385
5E3385
8BB385
53B385
8D7385
717385
89F385
51F385
6A7385
4E7385
9D9585
7E1585
8F9585
739585
9CB585
3E3585
87B585
33B585
8CF585
70F585
85F585
31F585
667585
2E7585
7D1985
5D9985
6B9985
4F9985
7CA985
3DA985
67A985
2FA985
5CB985
3D3985
47B985
2BB985
68F985
4CF985
657985
2D7985
45F985
29F985
8D1F85
711F85
899F85
519F85
6A1F85
4E1F85
8CAF85
70AF85
85AF85
31AF85
662F85
2E2F85
88BF85
50BF85
853F85
313F85
463F85
2A3F85
D1A3C5
CE23C5
8F23C5
7323C5
D133C5
CA33C5
8B33C5
5333C5
8D63C5
7163C5
89E3C5
51E3C5
6A63C5
4E63C5
D195C5
CE15C5
8F15C5
7315C5
D0B5C5
C635C5
8735C5
3335C5
8CE5C5
70E5C5
85E5C5
31E5C5
6665C5
2E65C5
CD19C5
C999C5
6B19C5
4F19C5
CCA9C5
C5A9C5
6729C5
2F29C5
C8B9C5
C539C5
4739C5
2B39C5
68E9C5
4CE9C5
6569C5
2D69C5
45E9C5
29E9C5
8D1DC5
711DC5
899DC5
519DC5
6A1DC5
4E1DC5
8CADC5
70ADC5
85ADC5
31ADC5
662DC5
2E2DC5
88BDC5
50BDC5
853DC5
313DC5
463DC5
2A3DC5
DE3215
9F3215
D3B215
9DE215
7E6215
8FE215
73E215
D1F215
CE7215
8F7215
737215
DD9815
7F1815
CF9815
DCB815
3F3815
C7B815
7CE815
3DE815
67E815
2FE815
CCF815
C5F815
677815
2F7815
9D9C15
7E1C15
8F9C15
739C15
9CBC15
3E3C15
87BC15
33BC15
8CFC15
70FC15
85FC15
31FC15
667C15
2E7C15
D19E15
CE1E15
8F1E15
731E15
D0BE15
C63E15
873E15
333E15
8CEE15
70EE15
85EE15
31EE15
666E15
2E6E15
DE3055
9F3055
D3B055
9DE055
7E6055
8FE055
73E055
D1F055
CE7055
8F7055
737055
DD8855
7F0855
CF8855
DC3855
1F3855
C3B855
7C6855
1DE855
63E855
0FE855
CC7855
C1F855
637855
0F7855
9D8C55
7E0C55
8F8C55
738C55
9C3C55
1E3C55
83BC55
13BC55
8C7C55
707C55
81FC55
11FC55
627C55
0E7C55
D18E55
CE0E55
8F0E55
730E55
D03E55
C23E55
833E55
133E55
8C6E55
706E55
81EE55
11EE55
626E55
0E6E55
DE10D5
9F10D5
D390D5
9CE0D5
3E60D5
87E0D5
33E0D5
D0F0D5
C670D5
8770D5
3370D5
DE02D5
9F02D5
D382D5
9C62D5
1E62D5
83E2D5
13E2D5
D072D5
C272D5
8372D5
1372D5
DC88D5
3F08D5
C788D5
DC18D5
1F18D5
C398D5
3C68D5
1CE8D5
23E8D5
07E8D5
C478D5
C0F8D5
2378D5
0778D5
9C8CD5
3E0CD5
878CD5
338CD5
9C1CD5
1E1CD5
839CD5
139CD5
847CD5
307CD5
80FCD5
10FCD5
227CD5
067CD5
D08ED5
C60ED5
870ED5
330ED5
D01ED5
C21ED5
831ED5
131ED5
846ED5
306ED5
80EED5
10EED5
226ED5
066ED5
DD9115
7F1115
CF9115
DCB115
3F3115
C7B115
7CE115
3DE115
67E115
2FE115
CCF115
C5F115
677115
2F7115
DD8315
7F0315
CF8315
DC3315
1F3315
C3B315
7C6315
1DE315
63E315
0FE315
CC7315
C1F315
637315
0F7315
7C8D15
3D8D15
678D15
2F8D15
7C1D15
1D9D15
639D15
0F9D15
3C3D15
1CBD15
23BD15
07BD15
647D15
2C7D15
60FD15
0CFD15
21FD15
05FD15
CC8F15
C58F15
670F15
2F0F15
CC1F15
C19F15
631F15
0F1F15
C43F15
C0BF15
233F15
073F15
646F15
2C6F15
60EF15
0CEF15
21EF15
05EF15
9D9195
7E1195
8F9195
739195
9CB195
3E3195
87B195
33B195
8CF195
70F195
85F195
31F195
667195
2E7195
9D8395
7E0395
8F8395
738395
9C3395
1E3395
83B395
13B395
8C7395
707395
81F395
11F395
627395
0E7395
7C8995
3D8995
678995
2F8995
7C1995
1D9995
639995
0F9995
3C3995
1CB995
23B995
07B995
647995
2C7995
60F995
0CF995
21F995
05F995
8C8F95
708F95
858F95
318F95
660F95
2E0F95
8C1F95
701F95
819F95
119F95
621F95
0E1F95
843F95
303F95
80BF95
10BF95
223F95
063F95
D191D5
CE11D5
8F11D5
7311D5
D0B1D5
C631D5
8731D5
3331D5
8CE1D5
70E1D5
85E1D5
31E1D5
6661D5
2E61D5
D183D5
CE03D5
8F03D5
7303D5
D033D5
C233D5
8333D5
1333D5
8C63D5
7063D5
81E3D5
11E3D5
6263D5
0E63D5
CC89D5
C589D5
6709D5
2F09D5
CC19D5
C199D5
6319D5
0F19D5
C439D5
C0B9D5
2339D5
0739D5
6469D5
2C69D5
60E9D5
0CE9D5
21E9D5
05E9D5
8C8DD5
708DD5
858DD5
318DD5
660DD5
2E0DD5
8C1DD5
701DD5
819DD5
119DD5
621DD5
0E1DD5
843DD5
303DD5
80BDD5
10BDD5
223DD5
063DD5
DE221D
9F221D
D3A21D
9D621D
5E621D
8BE21D
53E21D
D1721D
CA721D
8B721D
53721D
DE141D
9F141D
D3941D
9CE41D
3E641D
87E41D
33E41D
D0F41D
C6741D
87741D
33741D
DD181D
5F181D
CB981D
DCA81D
3F281D
C7A81D
5CE81D
3D681D
47E81D
2BE81D
C8F81D
C5781D
47781D
2B781D
9D1C1D
5E1C1D
8B9C1D
539C1D
9CAC1D
3E2C1D
87AC1D
33AC1D
88FC1D
50FC1D
857C1D
317C1D
467C1D
2A7C1D
D11E1D
CA1E1D
8B1E1D
531E1D
D0AE1D
C62E1D
872E1D
332E1D
88EE1D
50EE1D
856E1D
316E1D
466E1D
2A6E1D
DE205D
9F205D
D3A05D
9D605D
5E605D
8BE05D
53E05D
D1705D
CA705D
8B705D
53705D
DE045D
9F045D
D3845D
9C645D
1E645D
83E45D
13E45D
D0745D
C2745D
83745D
13745D
DD085D
5F085D
CB885D
DC285D
1F285D
C3A85D
5C685D
1D685D
43E85D
0BE85D
C8785D
C1785D
43785D
0B785D
9D0C5D
5E0C5D
8B8C5D
538C5D
9C2C5D
1E2C5D
83AC5D
13AC5D
887C5D
507C5D
817C5D
117C5D
427C5D
0A7C5D
D10E5D
CA0E5D
8B0E5D
530E5D
D02E5D
C22E5D
832E5D
132E5D
886E5D
506E5D
816E5D
116E5D
426E5D
0A6E5D
DD111D
5F111D
CB911D
DCA11D
3F211D
C7A11D
5CE11D
3D611D
47E11D
2BE11D
C8F11D
C5711D
47711D
2B711D
DD031D
5F031D
CB831D
DC231D
1F231D
C3A31D
5C631D
1D631D
43E31D
0BE31D
C8731D
C1731D
43731D
0B731D
DC851D
3F051D
C7851D
DC151D
1F151D
C3951D
3C651D
1CE51D
23E51D
07E51D
C4751D
C0F51D
23751D
07751D
5C8D1D
3D0D1D
478D1D
2B8D1D
5C1D1D
1D1D1D
439D1D
0B9D1D
3C2D1D
1CAD1D
23AD1D
07AD1D
447D1D
287D1D
40FD1D
08FD1D
217D1D
057D1D
C88F1D
C50F1D
470F1D
2B0F1D
C81F1D
C11F1D
431F1D
0B1F1D
C42F1D
C0AF1D
232F1D
072F1D
446F1D
286F1D
40EF1D
08EF1D
216F1D
056F1D
9D119D
5E119D
8B919D
53919D
9CA19D
3E219D
87A19D
33A19D
88F19D
50F19D
85719D
31719D
46719D
2A719D
9D039D
5E039D
8B839D
53839D
9C239D
1E239D
83A39D
13A39D
88739D
50739D
81739D
11739D
42739D
0A739D
9C859D
3E059D
87859D
33859D
9C159D
1E159D
83959D
13959D
84759D
30759D
80F59D
10F59D
22759D
06759D
5C899D
3D099D
47899D
2B899D
5C199D
1D199D
43999D
0B999D
3C299D
1CA99D
23A99D
07A99D
44799D
28799D
40F99D
08F99D
21799D
05799D
888F9D
508F9D
850F9D
310F9D
460F9D
2A0F9D
881F9D
501F9D
811F9D
111F9D
421F9D
0A1F9D
842F9D
302F9D
80AF9D
10AF9D
222F9D
062F9D
D111DD
CA11DD
8B11DD
5311DD
D0A1DD
C621DD
8721DD
3321DD
88E1DD
50E1DD
8561DD
3161DD
4661DD
2A61DD
D103DD
CA03DD
8B03DD
5303DD
D023DD
C223DD
8323DD
1323DD
8863DD
5063DD
8163DD
1163DD
4263DD
0A63DD
D085DD
C605DD
8705DD
3305DD
D015DD
C215DD
8315DD
1315DD
8465DD
3065DD
80E5DD
10E5DD
2265DD
0665DD
C889DD
C509DD
4709DD
2B09DD
C819DD
C119DD
4319DD
0B19DD
C429DD
C0A9DD
2329DD
0729DD
4469DD
2869DD
40E9DD
08E9DD
2169DD
0569DD
888DDD
508DDD
850DDD
310DDD
460DDD
2A0DDD
881DDD
501DDD
811DDD
111DDD
421DDD
0A1DDD
842DDD
302DDD
80ADDD
10ADDD
222DDD
062DDD
DDA225
7F2225
CFA225
DD3225
5F3225
CBB225
7D6225
5DE225
6BE225
4FE225
CD7225
C9F225
6B7225
4F7225
DD9425
7F1425
CF9425
DCB425
3F3425
C7B425
7CE425
3DE425
67E425
2FE425
CCF425
C5F425
677425
2F7425
7D1C25
5D9C25
6B9C25
4F9C25
7CAC25
3DAC25
67AC25
2FAC25
5CBC25
3D3C25
47BC25
2BBC25
68FC25
4CFC25
657C25
2D7C25
45FC25
29FC25
CD1E25
C99E25
6B1E25
4F1E25
CCAE25
C5AE25
672E25
2F2E25
C8BE25
C53E25
473E25
2B3E25
68EE25
4CEE25
656E25
2D6E25
45EE25
29EE25
DDA065
7F2065
CFA065
DD3065
5F3065
CBB065
7D6065
5DE065
6BE065
4FE065
CD7065
C9F065
6B7065
4F7065
DD8465
7F0465
CF8465
DC3465
1F3465
C3B465
7C6465
1DE465
63E465
0FE465
CC7465
C1F465
637465
0F7465
7D0C65
5D8C65
6B8C65
4F8C65
7C2C65
1DAC65
63AC65
0FAC65
5C3C65
1D3C65
43BC65
0BBC65
687C65
4C7C65
617C65
0D7C65
41FC65
09FC65
CD0E65
C98E65
6B0E65
4F0E65
CC2E65
C1AE65
632E65
0F2E65
C83E65
C13E65
433E65
0B3E65
686E65
4C6E65
616E65
0D6E65
41EE65
09EE65
DD10E5
5F10E5
CB90E5
DCA0E5
3F20E5
C7A0E5
5CE0E5
3D60E5
47E0E5
2BE0E5
C8F0E5
C570E5
4770E5
2B70E5
DD02E5
5F02E5
CB82E5
DC22E5
1F22E5
C3A2E5
5C62E5
1D62E5
43E2E5
0BE2E5
C872E5
C172E5
4372E5
0B72E5
DC84E5
3F04E5
C784E5
DC14E5
1F14E5
C394E5
3C64E5
1CE4E5
23E4E5
07E4E5
C474E5
C0F4E5
2374E5
0774E5
5C8CE5
3D0CE5
478CE5
2B8CE5
5C1CE5
1D1CE5
439CE5
0B9CE5
3C2CE5
1CACE5
23ACE5
07ACE5
447CE5
287CE5
40FCE5
08FCE5
217CE5
057CE5
C88EE5
C50EE5
470EE5
2B0EE5
C81EE5
C11EE5
431EE5
0B1EE5
C42EE5
C0AEE5
232EE5
072EE5
446EE5
286EE5
40EEE5
08EEE5
216EE5
056EE5
7D11A5
5D91A5
6B91A5
4F91A5
7CA1A5
3DA1A5
67A1A5
2FA1A5
5CB1A5
3D31A5
47B1A5
2BB1A5
68F1A5
4CF1A5
6571A5
2D71A5
45F1A5
29F1A5
7D03A5
5D83A5
6B83A5
4F83A5
7C23A5
1DA3A5
63A3A5
0FA3A5
5C33A5
1D33A5
43B3A5
0BB3A5
6873A5
4C73A5
6173A5
0D73A5
41F3A5
09F3A5
7C85A5
3D85A5
6785A5
2F85A5
7C15A5
1D95A5
6395A5
0F95A5
3C35A5
1CB5A5
23B5A5
07B5A5
6475A5
2C75A5
60F5A5
0CF5A5
21F5A5
05F5A5
688FA5
4C8FA5
650FA5
2D0FA5
458FA5
298FA5
681FA5
4C1FA5
611FA5
0D1FA5
419FA5
099FA5
642FA5
2C2FA5
60AFA5
0CAFA5
21AFA5
05AFA5
443FA5
283FA5
40BFA5
08BFA5
213FA5
053FA5
CD11E5
C991E5
6B11E5
4F11E5
CCA1E5
C5A1E5
6721E5
2F21E5
C8B1E5
C531E5
4731E5
2B31E5
68E1E5
4CE1E5
6561E5
2D61E5
45E1E5
29E1E5
CD03E5
C983E5
6B03E5
4F03E5
CC23E5
C1A3E5
6323E5
0F23E5
C833E5
C133E5
4333E5
0B33E5
6863E5
4C63E5
6163E5
0D63E5
41E3E5
09E3E5
CC85E5
C585E5
6705E5
2F05E5
CC15E5
C195E5
6315E5
0F15E5
C435E5
C0B5E5
2335E5
0735E5
6465E5
2C65E5
60E5E5
0CE5E5
21E5E5
05E5E5
688DE5
4C8DE5
650DE5
2D0DE5
458DE5
298DE5
681DE5
4C1DE5
611DE5
0D1DE5
419DE5
099DE5
642DE5
2C2DE5
60ADE5
0CADE5
21ADE5
05ADE5
443DE5
283DE5
40BDE5
08BDE5
213DE5
053DE5
9DA235
7E2235
8FA235
73A235
9D3235
5E3235
8BB235
53B235
8D7235
717235
89F235
51F235
6A7235
4E7235
9D9435
7E1435
8F9435
739435
9CB435
3E3435
87B435
33B435
8CF435
70F435
85F435
31F435
667435
2E7435
7D1835
5D9835
6B9835
4F9835
7CA835
3DA835
67A835
2FA835
5CB835
3D3835
47B835
2BB835
68F835
4CF835
657835
2D7835
45F835
29F835
8D1E35
711E35
899E35
519E35
6A1E35
4E1E35
8CAE35
70AE35
85AE35
31AE35
662E35
2E2E35
88BE35
50BE35
853E35
313E35
463E35
2A3E35
9DA075
7E2075
8FA075
73A075
9D3075
5E3075
8BB075
53B075
8D7075
717075
89F075
51F075
6A7075
4E7075
9D8475
7E0475
8F8475
738475
9C3475
1E3475
83B475
13B475
8C7475
707475
81F475
11F475
627475
0E7475
7D0875
5D8875
6B8875
4F8875
7C2875
1DA875
63A875
0FA875
5C3875
1D3875
43B875
0BB875
687875
4C7875
617875
0D7875
41F875
09F875
8D0E75
710E75
898E75
518E75
6A0E75
4E0E75
8C2E75
702E75
81AE75
11AE75
622E75
0E2E75
883E75
503E75
813E75
113E75
423E75
0A3E75
9D10F5
5E10F5
8B90F5
5390F5
9CA0F5
3E20F5
87A0F5
33A0F5
88F0F5
50F0F5
8570F5
3170F5
4670F5
2A70F5
9D02F5
5E02F5
8B82F5
5382F5
9C22F5
1E22F5
83A2F5
13A2F5
8872F5
5072F5
8172F5
1172F5
4272F5
0A72F5
9C84F5
3E04F5
8784F5
3384F5
9C14F5
1E14F5
8394F5
1394F5
8474F5
3074F5
80F4F5
10F4F5
2274F5
0674F5
5C88F5
3D08F5
4788F5
2B88F5
5C18F5
1D18F5
4398F5
0B98F5
3C28F5
1CA8F5
23A8F5
07A8F5
4478F5
2878F5
40F8F5
08F8F5
2178F5
0578F5
888EF5
508EF5
850EF5
310EF5
460EF5
2A0EF5
881EF5
501EF5
811EF5
111EF5
421EF5
0A1EF5
842EF5
302EF5
80AEF5
10AEF5
222EF5
062EF5
7D1135
5D9135
6B9135
4F9135
7CA135
3DA135
67A135
2FA135
5CB135
3D3135
47B135
2BB135
68F135
4CF135
657135
2D7135
45F135
29F135
7D0335
5D8335
6B8335
4F8335
7C2335
1DA335
63A335
0FA335
5C3335
1D3335
43B335
0BB335
687335
4C7335
617335
0D7335
41F335
09F335
7C8535
3D8535
678535
2F8535
7C1535
1D9535
639535
0F9535
3C3535
1CB535
23B535
07B535
647535
2C7535
60F535
0CF535
21F535
05F535
688F35
4C8F35
650F35
2D0F35
458F35
298F35
681F35
4C1F35
611F35
0D1F35
419F35
099F35
642F35
2C2F35
60AF35
0CAF35
21AF35
05AF35
443F35
283F35
40BF35
08BF35
213F35
053F35
8D11F5
7111F5
8991F5
5191F5
6A11F5
4E11F5
8CA1F5
70A1F5
85A1F5
31A1F5
6621F5
2E21F5
88B1F5
50B1F5
8531F5
3131F5
4631F5
2A31F5
8D03F5
7103F5
8983F5
5183F5
6A03F5
4E03F5
8C23F5
7023F5
81A3F5
11A3F5
6223F5
0E23F5
8833F5
5033F5
8133F5
1133F5
4233F5
0A33F5
8C85F5
7085F5
8585F5
3185F5
6605F5
2E05F5
8C15F5
7015F5
8195F5
1195F5
6215F5
0E15F5
8435F5
3035F5
80B5F5
10B5F5
2235F5
0635F5
6889F5
4C89F5
6509F5
2D09F5
4589F5
2989F5
6819F5
4C19F5
6119F5
0D19F5
4199F5
0999F5
6429F5
2C29F5
60A9F5
0CA9F5
21A9F5
05A9F5
4439F5
2839F5
40B9F5
08B9F5
2139F5
0539F5
D1A23D
CE223D
8F223D
73223D
D1323D
CA323D
8B323D
53323D
8D623D
71623D
89E23D
51E23D
6A623D
4E623D
D1943D
CE143D
8F143D
73143D
D0B43D
C6343D
87343D
33343D
8CE43D
70E43D
85E43D
31E43D
66643D
2E643D
CD183D
C9983D
6B183D
4F183D
CCA83D
C5A83D
67283D
2F283D
C8B83D
C5383D
47383D
2B383D
68E83D
4CE83D
65683D
2D683D
45E83D
29E83D
8D1C3D
711C3D
899C3D
519C3D
6A1C3D
4E1C3D
8CAC3D
70AC3D
85AC3D
31AC3D
662C3D
2E2C3D
88BC3D
50BC3D
853C3D
313C3D
463C3D
2A3C3D
D1A07D
CE207D
8F207D
73207D
D1307D
CA307D
8B307D
53307D
8D607D
71607D
89E07D
51E07D
6A607D
4E607D
D1847D
CE047D
8F047D
73047D
D0347D
C2347D
83347D
13347D
8C647D
70647D
81E47D
11E47D
62647D
0E647D
CD087D
C9887D
6B087D
4F087D
CC287D
C1A87D
63287D
0F287D
C8387D
C1387D
43387D
0B387D
68687D
4C687D
61687D
0D687D
41E87D
09E87D
8D0C7D
710C7D
898C7D
518C7D
6A0C7D
4E0C7D
8C2C7D
702C7D
81AC7D
11AC7D
622C7D
0E2C7D
883C7D
503C7D
813C7D
113C7D
423C7D
0A3C7D
D110FD
CA10FD
8B10FD
5310FD
D0A0FD
C620FD
8720FD
3320FD
88E0FD
50E0FD
8560FD
3160FD
4660FD
2A60FD
D102FD
CA02FD
8B02FD
5302FD
D022FD
C222FD
8322FD
1322FD
8862FD
5062FD
8162FD
1162FD
4262FD
0A62FD
D084FD
C604FD
8704FD
3304FD
D014FD
C214FD
8314FD
1314FD
8464FD
3064FD
80E4FD
10E4FD
2264FD
0664FD
C888FD
C508FD
4708FD
2B08FD
C818FD
C118FD
4318FD
0B18FD
C428FD
C0A8FD
2328FD
0728FD
4468FD
2868FD
40E8FD
08E8FD
2168FD
0568FD
888CFD
508CFD
850CFD
310CFD
460CFD
2A0CFD
881CFD
501CFD
811CFD
111CFD
421CFD
0A1CFD
842CFD
302CFD
80ACFD
10ACFD
222CFD
062CFD
CD113D
C9913D
6B113D
4F113D
CCA13D
C5A13D
67213D
2F213D
C8B13D
C5313D
47313D
2B313D
68E13D
4CE13D
65613D
2D613D
45E13D
29E13D
CD033D
C9833D
6B033D
4F033D
CC233D
C1A33D
63233D
0F233D
C8333D
C1333D
43333D
0B333D
68633D
4C633D
61633D
0D633D
41E33D
09E33D
CC853D
C5853D
67053D
2F053D
CC153D
C1953D
63153D
0F153D
C4353D
C0B53D
23353D
07353D
64653D
2C653D
60E53D
0CE53D
21E53D
05E53D
688D3D
4C8D3D
650D3D
2D0D3D
458D3D
298D3D
681D3D
4C1D3D
611D3D
0D1D3D
419D3D
099D3D
642D3D
2C2D3D
60AD3D
0CAD3D
21AD3D
05AD3D
443D3D
283D3D
40BD3D
08BD3D
213D3D
053D3D
8D11BD
7111BD
8991BD
5191BD
6A11BD
4E11BD
8CA1BD
70A1BD
85A1BD
31A1BD
6621BD
2E21BD
88B1BD
50B1BD
8531BD
3131BD
4631BD
2A31BD
8D03BD
7103BD
8983BD
5183BD
6A03BD
4E03BD
8C23BD
7023BD
81A3BD
11A3BD
6223BD
0E23BD
8833BD
5033BD
8133BD
1133BD
4233BD
0A33BD
8C85BD
7085BD
8585BD
3185BD
6605BD
2E05BD
8C15BD
7015BD
8195BD
1195BD
6215BD
0E15BD
8435BD
3035BD
80B5BD
10B5BD
2235BD
0635BD
6889BD
4C89BD
6509BD
2D09BD
4589BD
2989BD
6819BD
4C19BD
6119BD
0D19BD
4199BD
0999BD
6429BD
2C29BD
60A9BD
0CA9BD
21A9BD
05A9BD
4439BD
2839BD
40B9BD
08B9BD
2139BD
0539BD
BE3446
B3B446
97B446
9DD446
7E5446
8FD446
73D446
B1F446
95F446
AE7446
767446
BDA846
AFA846
77A846
BD3846
ABB846
57B846
7D5846
5DD846
6BD846
4FD846
AD7846
757846
A9F846
55F846
9DAA46
7E2A46
8FAA46
73AA46
9D3A46
5E3A46
8BBA46
53BA46
8D7A46
717A46
89FA46
51FA46
6A7A46
4E7A46
B1AE46
95AE46
AE2E46
762E46
B13E46
953E46
AA3E46
563E46
8D5E46
715E46
89DE46
51DE46
6A5E46
4E5E46
BE22C6
B3A2C6
97A2C6
9D52C6
5E52C6
8BD2C6
53D2C6
B172C6
9572C6
AA72C6
5672C6
BE14C6
B394C6
9794C6
9CD4C6
3E54C6
87D4C6
33D4C6
B0F4C6
94F4C6
A674C6
3674C6
BD18C6
AB98C6
5798C6
BCA8C6
A7A8C6
37A8C6
5CD8C6
3D58C6
47D8C6
2BD8C6
A8F8C6
54F8C6
A578C6
3578C6
9D1AC6
5E1AC6
8B9AC6
539AC6
9CAAC6
3E2AC6
87AAC6
33AAC6
88FAC6
50FAC6
857AC6
317AC6
467AC6
2A7AC6
B11EC6
951EC6
AA1EC6
561EC6
B0AEC6
94AEC6
A62EC6
362EC6
88DEC6
50DEC6
855EC6
315EC6
465EC6
2A5EC6
BDA306
AFA306
77A306
BD3306
ABB306
57B306
7D5306
5DD306
6BD306
4FD306
AD7306
757306
A9F306
55F306
BD9506
AF9506
779506
BCB506
A7B506
37B506
7CD506
3DD506
67D506
2FD506
ACF506
74F506
A5F506
35F506
7D1B06
5D9B06
6B9B06
4F9B06
7CAB06
3DAB06
67AB06
2FAB06
5CBB06
3D3B06
47BB06
2BBB06
68FB06
4CFB06
657B06
2D7B06
45FB06
29FB06
AD1F06
751F06
A99F06
559F06
ACAF06
74AF06
A5AF06
35AF06
A8BF06
54BF06
A53F06
353F06
68DF06
4CDF06
655F06
2D5F06
45DF06
29DF06
9DA346
7E2346
8FA346
73A346
9D3346
5E3346
8BB346
53B346
8D7346
717346
89F346
51F346
6A7346
4E7346
9D9546
7E1546
8F9546
739546
9CB546
3E3546
87B546
33B546
8CF546
70F546
85F546
31F546
667546
2E7546
7D1946
5D9946
6B9946
4F9946
7CA946
3DA946
67A946
2FA946
5CB946
3D3946
47B946
2BB946
68F946
4CF946
657946
2D7946
45F946
29F946
8D1F46
711F46
899F46
519F46
6A1F46
4E1F46
8CAF46
70AF46
85AF46
31AF46
662F46
2E2F46
88BF46
50BF46
853F46
313F46
463F46
2A3F46
B1A3C6
95A3C6
AE23C6
7623C6
B133C6
9533C6
AA33C6
5633C6
8D53C6
7153C6
89D3C6
51D3C6
6A53C6
4E53C6
B195C6
9595C6
AE15C6
7615C6
B0B5C6
94B5C6
A635C6
3635C6
8CD5C6
70D5C6
85D5C6
31D5C6
6655C6
2E55C6
AD19C6
7519C6
A999C6
5599C6
ACA9C6
74A9C6
A5A9C6
35A9C6
A8B9C6
54B9C6
A539C6
3539C6
68D9C6
4CD9C6
6559C6
2D59C6
45D9C6
29D9C6
8D1BC6
711BC6
899BC6
519BC6
6A1BC6
4E1BC6
8CABC6
70ABC6
85ABC6
31ABC6
662BC6
2E2BC6
88BBC6
50BBC6
853BC6
313BC6
463BC6
2A3BC6
BE3216
B3B216
97B216
9DD216
7E5216
8FD216
73D216
B1F216
95F216
AE7216
767216
BD9816
AF9816
779816
BCB816
A7B816
37B816
7CD816
3DD816
67D816
2FD816
ACF816
74F816
A5F816
35F816
9D9A16
7E1A16
8F9A16
739A16
9CBA16
3E3A16
87BA16
33BA16
8CFA16
70FA16
85FA16
31FA16
667A16
2E7A16
B19E16
959E16
AE1E16
761E16
B0BE16
94BE16
A63E16
363E16
8CDE16
70DE16
85DE16
31DE16
665E16
2E5E16
BE3056
B3B056
97B056
9DD056
7E5056
8FD056
73D056
B1F056
95F056
AE7056
767056
BD8856
AF8856
778856
BC3856
A3B856
17B856
7C5856
1DD856
63D856
0FD856
AC7856
747856
A1F856
15F856
9D8A56
7E0A56
8F8A56
738A56
9C3A56
1E3A56
83BA56
13BA56
8C7A56
707A56
81FA56
11FA56
627A56
0E7A56
B18E56
958E56
AE0E56
760E56
B03E56
943E56
A23E56
163E56
8C5E56
705E56
81DE56
11DE56
625E56
0E5E56
BE10D6
B390D6
9790D6
9CD0D6
3E50D6
87D0D6
33D0D6
B0F0D6
94F0D6
A670D6
3670D6
BE02D6
B382D6
9782D6
9C52D6
1E52D6
83D2D6
13D2D6
B072D6
9472D6
A272D6
1672D6
BC88D6
A788D6
3788D6
BC18D6
A398D6
1798D6
3C58D6
1CD8D6
23D8D6
07D8D6
A478D6
3478D6
A0F8D6
14F8D6
9C8AD6
3E0AD6
878AD6
338AD6
9C1AD6
1E1AD6
839AD6
139AD6
847AD6
307AD6
80FAD6
10FAD6
227AD6
067AD6
B08ED6
948ED6
A60ED6
360ED6
B01ED6
941ED6
A21ED6
161ED6
845ED6
305ED6
80DED6
10DED6
225ED6
065ED6
BD9116
AF9116
779116
BCB116
A7B116
37B116
7CD116
3DD116
67D116
2FD116
ACF116
74F116
A5F116
35F116
BD8316
AF8316
778316
BC3316
A3B316
17B316
7C5316
1DD316
63D316
0FD316
AC7316
747316
A1F316
15F316
7C8B16
3D8B16
678B16
2F8B16
7C1B16
1D9B16
639B16
0F9B16
3C3B16
1CBB16
23BB16
07BB16
647B16
2C7B16
60FB16
0CFB16
21FB16
05FB16
AC8F16
748F16
A58F16
358F16
AC1F16
741F16
A19F16
159F16
A43F16
343F16
A0BF16
14BF16
645F16
2C5F16
60DF16
0CDF16
21DF16
05DF16
9D9156
7E1156
8F9156
739156
9CB156
3E3156
87B156
33B156
8CF156
70F156
85F156
31F156
667156
2E7156
9D8356
7E0356
8F8356
738356
9C3356
1E3356
83B356
13B356
8C7356
707356
81F356
11F356
627356
0E7356
7C8956
3D8956
678956
2F8956
7C1956
1D9956
639956
0F9956
3C3956
1CB956
23B956
07B956
647956
2C7956
60F956
0CF956
21F956
05F956
8C8F56
708F56
858F56
318F56
660F56
2E0F56
8C1F56
701F56
819F56
119F56
621F56
0E1F56
843F56
303F56
80BF56
10BF56
223F56
063F56
B191D6
9591D6
AE11D6
7611D6
B0B1D6
94B1D6
A631D6
3631D6
8CD1D6
70D1D6
85D1D6
31D1D6
6651D6
2E51D6
B183D6
9583D6
AE03D6
7603D6
B033D6
9433D6
A233D6
1633D6
8C53D6
7053D6
81D3D6
11D3D6
6253D6
0E53D6
AC89D6
7489D6
A589D6
3589D6
AC19D6
7419D6
A199D6
1599D6
A439D6
3439D6
A0B9D6
14B9D6
6459D6
2C59D6
60D9D6
0CD9D6
21D9D6
05D9D6
8C8BD6
708BD6
858BD6
318BD6
660BD6
2E0BD6
8C1BD6
701BD6
819BD6
119BD6
621BD6
0E1BD6
843BD6
303BD6
80BBD6
10BBD6
223BD6
063BD6
BE221E
B3A21E
97A21E
9D521E
5E521E
8BD21E
53D21E
B1721E
95721E
AA721E
56721E
BE141E
B3941E
97941E
9CD41E
3E541E
87D41E
33D41E
B0F41E
94F41E
A6741E
36741E
BD181E
AB981E
57981E
BCA81E
A7A81E
37A81E
5CD81E
3D581E
47D81E
2BD81E
A8F81E
54F81E
A5781E
35781E
9D1A1E
5E1A1E
8B9A1E
539A1E
9CAA1E
3E2A1E
87AA1E
33AA1E
88FA1E
50FA1E
857A1E
317A1E
467A1E
2A7A1E
B11E1E
951E1E
AA1E1E
561E1E
B0AE1E
94AE1E
A62E1E
362E1E
88DE1E
50DE1E
855E1E
315E1E
465E1E
2A5E1E
BE205E
B3A05E
97A05E
9D505E
5E505E
8BD05E
53D05E
B1705E
95705E
AA705E
56705E
BE045E
B3845E
97845E
9C545E
1E545E
83D45E
13D45E
B0745E
94745E
A2745E
16745E
BD085E
AB885E
57885E
BC285E
A3A85E
17A85E
5C585E
1D585E
43D85E
0BD85E
A8785E
54785E
A1785E
15785E
9D0A5E
5E0A5E
8B8A5E
538A5E
9C2A5E
1E2A5E
83AA5E
13AA5E
887A5E
507A5E
817A5E
117A5E
427A5E
0A7A5E
B10E5E
950E5E
AA0E5E
560E5E
B02E5E
942E5E
A22E5E
162E5E
885E5E
505E5E
815E5E
115E5E
425E5E
0A5E5E
BD111E
AB911E
57911E
BCA11E
A7A11E
37A11E
5CD11E
3D511E
47D11E
2BD11E
A8F11E
54F11E
A5711E
35711E
BD031E
AB831E
57831E
BC231E
A3A31E
17A31E
5C531E
1D531E
43D31E
0BD31E
A8731E
54731E
A1731E
15731E
BC851E
A7851E
37851E
BC151E
A3951E
17951E
3C551E
1CD51E
23D51E
07D51E
A4751E
34751E
A0F51E
14F51E
5C8B1E
3D0B1E
478B1E
2B8B1E
5C1B1E
1D1B1E
439B1E
0B9B1E
3C2B1E
1CAB1E
23AB1E
07AB1E
447B1E
287B1E
40FB1E
08FB1E
217B1E
057B1E
A88F1E
548F1E
A50F1E
350F1E
A81F1E
541F1E
A11F1E
151F1E
A42F1E
342F1E
A0AF1E
14AF1E
445F1E
285F1E
40DF1E
08DF1E
215F1E
055F1E
9D115E
5E115E
8B915E
53915E
9CA15E
3E215E
87A15E
33A15E
88F15E
50F15E
85715E
31715E
46715E
2A715E
9D035E
5E035E
8B835E
53835E
9C235E
1E235E
83A35E
13A35E
88735E
50735E
81735E
11735E
42735E
0A735E
9C855E
3E055E
87855E
33855E
9C155E
1E155E
83955E
13955E
84755E
30755E
80F55E
10F55E
22755E
06755E
5C895E
3D095E
47895E
2B895E
5C195E
1D195E
43995E
0B995E
3C295E
1CA95E
23A95E
07A95E
44795E
28795E
40F95E
08F95E
21795E
05795E
888F5E
508F5E
850F5E
310F5E
460F5E
2A0F5E
881F5E
501F5E
811F5E
111F5E
421F5E
0A1F5E
842F5E
302F5E
80AF5E
10AF5E
222F5E
062F5E
B111DE
9511DE
AA11DE
5611DE
B0A1DE
94A1DE
A621DE
3621DE
88D1DE
50D1DE
8551DE
3151DE
4651DE
2A51DE
B103DE
9503DE
AA03DE
5603DE
B023DE
9423DE
A223DE
1623DE
8853DE
5053DE
8153DE
1153DE
4253DE
0A53DE
B085DE
9485DE
A605DE
3605DE
B015DE
9415DE
A215DE
1615DE
8455DE
3055DE
80D5DE
10D5DE
2255DE
0655DE
A889DE
5489DE
A509DE
3509DE
A819DE
5419DE
A119DE
1519DE
A429DE
3429DE
A0A9DE
14A9DE
4459DE
2859DE
40D9DE
08D9DE
2159DE
0559DE
888BDE
508BDE
850BDE
310BDE
460BDE
2A0BDE
881BDE
501BDE
811BDE
111BDE
421BDE
0A1BDE
842BDE
302BDE
80ABDE
10ABDE
222BDE
062BDE
BDA226
AFA226
77A226
BD3226
ABB226
57B226
7D5226
5DD226
6BD226
4FD226
AD7226
757226
A9F226
55F226
BD9426
AF9426
779426
BCB426
A7B426
37B426
7CD426
3DD426
67D426
2FD426
ACF426
74F426
A5F426
35F426
7D1A26
5D9A26
6B9A26
4F9A26
7CAA26
3DAA26
67AA26
2FAA26
5CBA26
3D3A26
47BA26
2BBA26
68FA26
4CFA26
657A26
2D7A26
45FA26
29FA26
AD1E26
751E26
A99E26
559E26
ACAE26
74AE26
A5AE26
35AE26
A8BE26
54BE26
A53E26
353E26
68DE26
4CDE26
655E26
2D5E26
45DE26
29DE26
BDA066
AFA066
77A066
BD3066
ABB066
57B066
7D5066
5DD066
6BD066
4FD066
AD7066
757066
A9F066
55F066
BD8466
AF8466
778466
BC3466
A3B466
17B466
7C5466
1DD466
63D466
0FD466
AC7466
747466
A1F466
15F466
7D0A66
5D8A66
6B8A66
4F8A66
7C2A66
1DAA66
63AA66
0FAA66
5C3A66
1D3A66
43BA66
0BBA66
687A66
4C7A66
617A66
0D7A66
41FA66
09FA66
AD0E66
750E66
A98E66
558E66
AC2E66
742E66
A1AE66
15AE66
A83E66
543E66
A13E66
153E66
685E66
4C5E66
615E66
0D5E66
41DE66
09DE66
BD10E6
AB90E6
5790E6
BCA0E6
A7A0E6
37A0E6
5CD0E6
3D50E6
47D0E6
2BD0E6
A8F0E6
54F0E6
A570E6
3570E6
BD02E6
AB82E6
5782E6
BC22E6
A3A2E6
17A2E6
5C52E6
1D52E6
43D2E6
0BD2E6
A872E6
5472E6
A172E6
1572E6
BC84E6
A784E6
3784E6
BC14E6
A394E6
1794E6
3C54E6
1CD4E6
23D4E6
07D4E6
A474E6
3474E6
A0F4E6
14F4E6
5C8AE6
3D0AE6
478AE6
2B8AE6
5C1AE6
1D1AE6
439AE6
0B9AE6
3C2AE6
1CAAE6
23AAE6
07AAE6
447AE6
287AE6
40FAE6
08FAE6
217AE6
057AE6
A88EE6
548EE6
A50EE6
350EE6
A81EE6
541EE6
A11EE6
151EE6
A42EE6
342EE6
A0AEE6
14AEE6
445EE6
285EE6
40DEE6
08DEE6
215EE6
055EE6
7D1166
5D9166
6B9166
4F9166
7CA166
3DA166
67A166
2FA166
5CB166
3D3166
47B166
2BB166
68F166
4CF166
657166
2D7166
45F166
29F166
7D0366
5D8366
6B8366
4F8366
7C2366
1DA366
63A366
0FA366
5C3366
1D3366
43B366
0BB366
687366
4C7366
617366
0D7366
41F366
09F366
7C8566
3D8566
678566
2F8566
7C1566
1D9566
639566
0F9566
3C3566
1CB566
23B566
07B566
647566
2C7566
60F566
0CF566
21F566
05F566
688F66
4C8F66
650F66
2D0F66
458F66
298F66
681F66
4C1F66
611F66
0D1F66
419F66
099F66
642F66
2C2F66
60AF66
0CAF66
21AF66
05AF66
443F66
283F66
40BF66
08BF66
213F66
053F66
AD11E6
7511E6
A991E6
5591E6
ACA1E6
74A1E6
A5A1E6
35A1E6
A8B1E6
54B1E6
A531E6
3531E6
68D1E6
4CD1E6
6551E6
2D51E6
45D1E6
29D1E6
AD03E6
7503E6
A983E6
5583E6
AC23E6
7423E6
A1A3E6
15A3E6
A833E6
5433E6
A133E6
1533E6
6853E6
4C53E6
6153E6
0D53E6
41D3E6
09D3E6
AC85E6
7485E6
A585E6
3585E6
AC15E6
7415E6
A195E6
1595E6
A435E6
3435E6
A0B5E6
14B5E6
6455E6
2C55E6
60D5E6
0CD5E6
21D5E6
05D5E6
688BE6
4C8BE6
650BE6
2D0BE6
458BE6
298BE6
681BE6
4C1BE6
611BE6
0D1BE6
419BE6
099BE6
642BE6
2C2BE6
60ABE6
0CABE6
21ABE6
05ABE6
443BE6
283BE6
40BBE6
08BBE6
213BE6
053BE6
9DA22E
7E222E
8FA22E
73A22E
9D322E
5E322E
8BB22E
53B22E
8D722E
71722E
89F22E
51F22E
6A722E
4E722E
9D942E
7E142E
8F942E
73942E
9CB42E
3E342E
87B42E
33B42E
8CF42E
70F42E
85F42E
31F42E
66742E
2E742E
7D182E
5D982E
6B982E
4F982E
7CA82E
3DA82E
67A82E
2FA82E
5CB82E
3D382E
47B82E
2BB82E
68F82E
4CF82E
65782E
2D782E
45F82E
29F82E
8D1E2E
711E2E
899E2E
519E2E
6A1E2E
4E1E2E
8CAE2E
70AE2E
85AE2E
31AE2E
662E2E
2E2E2E
88BE2E
50BE2E
853E2E
313E2E
463E2E
2A3E2E
9DA06E
7E206E
8FA06E
73A06E
9D306E
5E306E
8BB06E
53B06E
8D706E
71706E
89F06E
51F06E
6A706E
4E706E
9D846E
7E046E
8F846E
73846E
9C346E
1E346E
83B46E
13B46E
8C746E
70746E
81F46E
11F46E
62746E
0E746E
7D086E
5D886E
6B886E
4F886E
7C286E
1DA86E
63A86E
0FA86E
5C386E
1D386E
43B86E
0BB86E
68786E
4C786E
61786E
0D786E
41F86E
09F86E
8D0E6E
710E6E
898E6E
518E6E
6A0E6E
4E0E6E
8C2E6E
702E6E
81AE6E
11AE6E
622E6E
0E2E6E
883E6E
503E6E
813E6E
113E6E
423E6E
0A3E6E
9D10EE
5E10EE
8B90EE
5390EE
9CA0EE
3E20EE
87A0EE
33A0EE
88F0EE
50F0EE
8570EE
3170EE
4670EE
2A70EE
9D02EE
5E02EE
8B82EE
5382EE
9C22EE
1E22EE
83A2EE
13A2EE
8872EE
5072EE
8172EE
1172EE
4272EE
0A72EE
9C84EE
3E04EE
8784EE
3384EE
9C14EE
1E14EE
8394EE
1394EE
8474EE
3074EE
80F4EE
10F4EE
2274EE
0674EE
5C88EE
3D08EE
4788EE
2B88EE
5C18EE
1D18EE
4398EE
0B98EE
3C28EE
1CA8EE
23A8EE
07A8EE
4478EE
2878EE
40F8EE
08F8EE
2178EE
0578EE
888EEE
508EEE
850EEE
310EEE
460EEE
2A0EEE
881EEE
501EEE
811EEE
111EEE
421EEE
0A1EEE
842EEE
302EEE
80AEEE
10AEEE
222EEE
062EEE
7D112E
5D912E
6B912E
4F912E
7CA12E
3DA12E
67A12E
2FA12E
5CB12E
3D312E
47B12E
2BB12E
68F12E
4CF12E
65712E
2D712E
45F12E
29F12E
7D032E
5D832E
6B832E
4F832E
7C232E
1DA32E
63A32E
0FA32E
5C332E
1D332E
43B32E
0BB32E
68732E
4C732E
61732E
0D732E
41F32E
09F32E
7C852E
3D852E
67852E
2F852E
7C152E
1D952E
63952E
0F952E
3C352E
1CB52E
23B52E
07B52E
64752E
2C752E
60F52E
0CF52E
21F52E
05F52E
688F2E
4C8F2E
650F2E
2D0F2E
458F2E
298F2E
681F2E
4C1F2E
611F2E
0D1F2E
419F2E
099F2E
642F2E
2C2F2E
60AF2E
0CAF2E
21AF2E
05AF2E
443F2E
283F2E
40BF2E
08BF2E
213F2E
053F2E
8D11EE
7111EE
8991EE
5191EE
6A11EE
4E11EE
8CA1EE
70A1EE
85A1EE
31A1EE
6621EE
2E21EE
88B1EE
50B1EE
8531EE
3131EE
4631EE
2A31EE
8D03EE
7103EE
8983EE
5183EE
6A03EE
4E03EE
8C23EE
7023EE
81A3EE
11A3EE
6223EE
0E23EE
8833EE
5033EE
8133EE
1133EE
4233EE
0A33EE
8C85EE
7085EE
8585EE
3185EE
6605EE
2E05EE
8C15EE
7015EE
8195EE
1195EE
6215EE
0E15EE
8435EE
3035EE
80B5EE
10B5EE
2235EE
0635EE
6889EE
4C89EE
6509EE
2D09EE
4589EE
2989EE
6819EE
4C19EE
6119EE
0D19EE
4199EE
0999EE
6429EE
2C29EE
60A9EE
0CA9EE
21A9EE
05A9EE
4439EE
2839EE
40B9EE
08B9EE
2139EE
0539EE
B1A23E
95A23E
AE223E
76223E
B1323E
95323E
AA323E
56323E
8D523E
71523E
89D23E
51D23E
6A523E
4E523E
B1943E
95943E
AE143E
76143E
B0B43E
94B43E
A6343E
36343E
8CD43E
70D43E
85D43E
31D43E
66543E
2E543E
AD183E
75183E
A9983E
55983E
ACA83E
74A83E
A5A83E
35A83E
A8B83E
54B83E
A5383E
35383E
68D83E
4CD83E
65583E
2D583E
45D83E
29D83E
8D1A3E
711A3E
899A3E
519A3E
6A1A3E
4E1A3E
8CAA3E
70AA3E
85AA3E
31AA3E
662A3E
2E2A3E
88BA3E
50BA3E
853A3E
313A3E
463A3E
2A3A3E
B1A07E
95A07E
AE207E
76207E
B1307E
95307E
AA307E
56307E
8D507E
71507E
89D07E
51D07E
6A507E
4E507E
B1847E
95847E
AE047E
76047E
B0347E
94347E
A2347E
16347E
8C547E
70547E
81D47E
11D47E
62547E
0E547E
AD087E
75087E
A9887E
55887E
AC287E
74287E
A1A87E
15A87E
A8387E
54387E
A1387E
15387E
68587E
4C587E
61587E
0D587E
41D87E
09D87E
8D0A7E
710A7E
898A7E
518A7E
6A0A7E
4E0A7E
8C2A7E
702A7E
81AA7E
11AA7E
622A7E
0E2A7E
883A7E
503A7E
813A7E
113A7E
423A7E
0A3A7E
B110FE
9510FE
AA10FE
5610FE
B0A0FE
94A0FE
A620FE
3620FE
88D0FE
50D0FE
8550FE
3150FE
4650FE
2A50FE
B102FE
9502FE
AA02FE
5602FE
B022FE
9422FE
A222FE
1622FE
8852FE
5052FE
8152FE
1152FE
4252FE
0A52FE
B084FE
9484FE
A604FE
3604FE
B014FE
9414FE
A214FE
1614FE
8454FE
3054FE
80D4FE
10D4FE
2254FE
0654FE
A888FE
5488FE
A508FE
3508FE
A818FE
5418FE
A118FE
1518FE
A428FE
3428FE
A0A8FE
14A8FE
4458FE
2858FE
40D8FE
08D8FE
2158FE
0558FE
888AFE
508AFE
850AFE
310AFE
460AFE
2A0AFE
881AFE
501AFE
811AFE
111AFE
421AFE
0A1AFE
842AFE
302AFE
80AAFE
10AAFE
222AFE
062AFE
AD113E
75113E
A9913E
55913E
ACA13E
74A13E
A5A13E
35A13E
A8B13E
54B13E
A5313E
35313E
68D13E
4CD13E
65513E
2D513E
45D13E
29D13E
AD033E
75033E
A9833E
55833E
AC233E
74233E
A1A33E
15A33E
A8333E
54333E
A1333E
15333E
68533E
4C533E
61533E
0D533E
41D33E
09D33E
AC853E
74853E
A5853E
35853E
AC153E
74153E
A1953E
15953E
A4353E
34353E
A0B53E
14B53E
64553E
2C553E
60D53E
0CD53E
21D53E
05D53E
688B3E
4C8B3E
650B3E
2D0B3E
458B3E
298B3E
681B3E
4C1B3E
611B3E
0D1B3E
419B3E
099B3E
642B3E
2C2B3E
60AB3E
0CAB3E
21AB3E
05AB3E
443B3E
283B3E
40BB3E
08BB3E
213B3E
053B3E
8D117E
71117E
89917E
51917E
6A117E
4E117E
8CA17E
70A17E
85A17E
31A17E
66217E
2E217E
88B17E
50B17E
85317E
31317E
46317E
2A317E
8D037E
71037E
89837E
51837E
6A037E
4E037E
8C237E
70237E
81A37E
11A37E
62237E
0E237E
88337E
50337E
81337E
11337E
42337E
0A337E
8C857E
70857E
85857E
31857E
66057E
2E057E
8C157E
70157E
81957E
11957E
62157E
0E157E
84357E
30357E
80B57E
10B57E
22357E
06357E
68897E
4C897E
65097E
2D097E
45897E
29897E
68197E
4C197E
61197E
0D197E
41997E
09997E
64297E
2C297E
60A97E
0CA97E
21A97E
05A97E
44397E
28397E
40B97E
08B97E
21397E
05397E
D63447
B33447
973447
D1D447
CE5447
8F5447
735447
B1E447
95E447
AE6447
766447
D5A847
AF2847
772847
D53847
AB3847
573847
CD5847
C9D847
6B5847
4F5847
AD6847
756847
A9E847
55E847
D1AA47
CE2A47
8F2A47
732A47
D13A47
CA3A47
8B3A47
533A47
8D6A47
716A47
89EA47
51EA47
6A6A47
4E6A47
B1AC47
95AC47
AE2C47
762C47
B13C47
953C47
AA3C47
563C47
8D5C47
715C47
89DC47
51DC47
6A5C47
4E5C47
D622C7
B322C7
9722C7
D152C7
CA52C7
8B52C7
5352C7
B162C7
9562C7
AA62C7
5662C7
D614C7
B314C7
9714C7
D0D4C7
C654C7
8754C7
3354C7
B0E4C7
94E4C7
A664C7
3664C7
D518C7
AB18C7
5718C7
D4A8C7
A728C7
3728C7
C8D8C7
C558C7
4758C7
2B58C7
A8E8C7
54E8C7
A568C7
3568C7
D11AC7
CA1AC7
8B1AC7
531AC7
D0AAC7
C62AC7
872AC7
332AC7
88EAC7
50EAC7
856AC7
316AC7
466AC7
2A6AC7
B11CC7
951CC7
AA1CC7
561CC7
B0ACC7
94ACC7
A62CC7
362CC7
88DCC7
50DCC7
855CC7
315CC7
465CC7
2A5CC7
D5A307
AF2307
772307
D53307
AB3307
573307
CD5307
C9D307
6B5307
4F5307
AD6307
756307
A9E307
55E307
D59507
AF1507
771507
D4B507
A73507
373507
CCD507
C5D507
675507
2F5507
ACE507
74E507
A5E507
35E507
CD1B07
C99B07
6B1B07
4F1B07
CCAB07
C5AB07
672B07
2F2B07
C8BB07
C53B07
473B07
2B3B07
68EB07
4CEB07
656B07
2D6B07
45EB07
29EB07
AD1D07
751D07
A99D07
559D07
ACAD07
74AD07
A5AD07
35AD07
A8BD07
54BD07
A53D07
353D07
68DD07
4CDD07
655D07
2D5D07
45DD07
29DD07
D1A347
CE2347
8F2347
732347
D13347
CA3347
8B3347
533347
8D6347
716347
89E347
51E347
6A6347
4E6347
D19547
CE1547
8F1547
731547
D0B547
C63547
873547
333547
8CE547
70E547
85E547
31E547
666547
2E6547
CD1947
C99947
6B1947
4F1947
CCA947
C5A947
672947
2F2947
C8B947
C53947
473947
2B3947
68E947
4CE947
656947
2D6947
45E947
29E947
8D1D47
711D47
899D47
519D47
6A1D47
4E1D47
8CAD47
70AD47
85AD47
31AD47
662D47
2E2D47
88BD47
50BD47
853D47
313D47
463D47
2A3D47
B1A387
95A387
AE2387
762387
B13387
953387
AA3387
563387
8D5387
715387
89D387
51D387
6A5387
4E5387
B19587
959587
AE1587
761587
B0B587
94B587
A63587
363587
8CD587
70D587
85D587
31D587
665587
2E5587
AD1987
751987
A99987
559987
ACA987
74A987
A5A987
35A987
A8B987
54B987
A53987
353987
68D987
4CD987
655987
2D5987
45D987
29D987
8D1B87
711B87
899B87
519B87
6A1B87
4E1B87
8CAB87
70AB87
85AB87
31AB87
662B87
2E2B87
88BB87
50BB87
853B87
313B87
463B87
2A3B87
D63217
B33217
973217
D1D217
CE5217
8F5217
735217
B1E217
95E217
AE6217
766217
D59817
AF1817
771817
D4B817
A73817
373817
CCD817
C5D817
675817
2F5817
ACE817
74E817
A5E817
35E817
D19A17
CE1A17
8F1A17
731A17
D0BA17
C63A17
873A17
333A17
8CEA17
70EA17
85EA17
31EA17
666A17
2E6A17
B19C17
959C17
AE1C17
761C17
B0BC17
94BC17
A63C17
363C17
8CDC17
70DC17
85DC17
31DC17
665C17
2E5C17
D63057
B33057
973057
D1D057
CE5057
8F5057
735057
B1E057
95E057
AE6057
766057
D58857
AF0857
770857
D43857
A33857
173857
CC5857
C1D857
635857
0F5857
AC6857
746857
A1E857
15E857
D18A57
CE0A57
8F0A57
730A57
D03A57
C23A57
833A57
133A57
8C6A57
706A57
81EA57
11EA57
626A57
0E6A57
B18C57
958C57
AE0C57
760C57
B03C57
943C57
A23C57
163C57
8C5C57
705C57
81DC57
11DC57
625C57
0E5C57
D610D7
B310D7
9710D7
D0D0D7
C650D7
8750D7
3350D7
B0E0D7
94E0D7
A660D7
3660D7
D602D7
B302D7
9702D7
D052D7
C252D7
8352D7
1352D7
B062D7
9462D7
A262D7
1662D7
D488D7
A708D7
3708D7
D418D7
A318D7
1718D7
C458D7
C0D8D7
2358D7
0758D7
A468D7
3468D7
A0E8D7
14E8D7
D08AD7
C60AD7
870AD7
330AD7
D01AD7
C21AD7
831AD7
131AD7
846AD7
306AD7
80EAD7
10EAD7
226AD7
066AD7
B08CD7
948CD7
A60CD7
360CD7
B01CD7
941CD7
A21CD7
161CD7
845CD7
305CD7
80DCD7
10DCD7
225CD7
065CD7
D59117
AF1117
771117
D4B117
A73117
373117
CCD117
C5D117
675117
2F5117
ACE117
74E117
A5E117
35E117
D58317
AF0317
770317
D43317
A33317
173317
CC5317
C1D317
635317
0F5317
AC6317
746317
A1E317
15E317
CC8B17
C58B17
670B17
2F0B17
CC1B17
C19B17
631B17
0F1B17
C43B17
C0BB17
233B17
073B17
646B17
2C6B17
60EB17
0CEB17
21EB17
05EB17
AC8D17
748D17
A58D17
358D17
AC1D17
741D17
A19D17
159D17
A43D17
343D17
A0BD17
14BD17
645D17
2C5D17
60DD17
0CDD17
21DD17
05DD17
D19157
CE1157
8F1157
731157
D0B157
C63157
873157
333157
8CE157
70E157
85E157
31E157
666157
2E6157
D18357
CE0357
8F0357
730357
D03357
C23357
833357
133357
8C6357
706357
81E357
11E357
626357
0E6357
CC8957
C58957
670957
2F0957
CC1957
C19957
631957
0F1957
C43957
C0B957
233957
073957
646957
2C6957
60E957
0CE957
21E957
05E957
8C8D57
708D57
858D57
318D57
660D57
2E0D57
8C1D57
701D57
819D57
119D57
621D57
0E1D57
843D57
303D57
80BD57
10BD57
223D57
063D57
B19197
959197
AE1197
761197
B0B197
94B197
A63197
363197
8CD197
70D197
85D197
31D197
665197
2E5197
B18397
958397
AE0397
760397
B03397
943397
A23397
163397
8C5397
705397
81D397
11D397
625397
0E5397
AC8997
748997
A58997
358997
AC1997
741997
A19997
159997
A43997
343997
A0B997
14B997
645997
2C5997
60D997
0CD997
21D997
05D997
8C8B97
708B97
858B97
318B97
660B97
2E0B97
8C1B97
701B97
819B97
119B97
621B97
0E1B97
843B97
303B97
80BB97
10BB97
223B97
063B97
D6221F
B3221F
97221F
D1521F
CA521F
8B521F
53521F
B1621F
95621F
AA621F
56621F
D6141F
B3141F
97141F
D0D41F
C6541F
87541F
33541F
B0E41F
94E41F
A6641F
36641F
D5181F
AB181F
57181F
D4A81F
A7281F
37281F
C8D81F
C5581F
47581F
2B581F
A8E81F
54E81F
A5681F
35681F
D11A1F
CA1A1F
8B1A1F
531A1F
D0AA1F
C62A1F
872A1F
332A1F
88EA1F
50EA1F
856A1F
316A1F
466A1F
2A6A1F
B11C1F
951C1F
AA1C1F
561C1F
B0AC1F
94AC1F
A62C1F
362C1F
88DC1F
50DC1F
855C1F
315C1F
465C1F
2A5C1F
D6205F
B3205F
97205F
D1505F
CA505F
8B505F
53505F
B1605F
95605F
AA605F
56605F
D6045F
B3045F
97045F
D0545F
C2545F
83545F
13545F
B0645F
94645F
A2645F
16645F
D5085F
AB085F
57085F
D4285F
A3285F
17285F
C8585F
C1585F
43585F
0B585F
A8685F
54685F
A1685F
15685F
D10A5F
CA0A5F
8B0A5F
530A5F
D02A5F
C22A5F
832A5F
132A5F
886A5F
506A5F
816A5F
116A5F
426A5F
0A6A5F
B10C5F
950C5F
AA0C5F
560C5F
B02C5F
942C5F
A22C5F
162C5F
885C5F
505C5F
815C5F
115C5F
425C5F
0A5C5F
D5111F
AB111F
57111F
D4A11F
A7211F
37211F
C8D11F
C5511F
47511F
2B511F
A8E11F
54E11F
A5611F
35611F
D5031F
AB031F
57031F
D4231F
A3231F
17231F
C8531F
C1531F
43531F
0B531F
A8631F
54631F
A1631F
15631F
D4851F
A7051F
37051F
D4151F
A3151F
17151F
C4551F
C0D51F
23551F
07551F
A4651F
34651F
A0E51F
14E51F
C88B1F
C50B1F
470B1F
2B0B1F
C81B1F
C11B1F
431B1F
0B1B1F
C42B1F
C0AB1F
232B1F
072B1F
446B1F
286B1F
40EB1F
08EB1F
216B1F
056B1F
A88D1F
548D1F
A50D1F
350D1F
A81D1F
541D1F
A11D1F
151D1F
A42D1F
342D1F
A0AD1F
14AD1F
445D1F
285D1F
40DD1F
08DD1F
215D1F
055D1F
D1115F
CA115F
8B115F
53115F
D0A15F
C6215F
87215F
33215F
88E15F
50E15F
85615F
31615F
46615F
2A615F
D1035F
CA035F
8B035F
53035F
D0235F
C2235F
83235F
13235F
88635F
50635F
81635F
11635F
42635F
0A635F
D0855F
C6055F
87055F
33055F
D0155F
C2155F
83155F
13155F
84655F
30655F
80E55F
10E55F
22655F
06655F
C8895F
C5095F
47095F
2B095F
C8195F
C1195F
43195F
0B195F
C4295F
C0A95F
23295F
07295F
44695F
28695F
40E95F
08E95F
21695F
05695F
888D5F
508D5F
850D5F
310D5F
460D5F
2A0D5F
881D5F
501D5F
811D5F
111D5F
421D5F
0A1D5F
842D5F
302D5F
80AD5F
10AD5F
222D5F
062D5F
B1119F
95119F
AA119F
56119F
B0A19F
94A19F
A6219F
36219F
88D19F
50D19F
85519F
31519F
46519F
2A519F
B1039F
95039F
AA039F
56039F
B0239F
94239F
A2239F
16239F
88539F
50539F
81539F
11539F
42539F
0A539F
B0859F
94859F
A6059F
36059F
B0159F
94159F
A2159F
16159F
84559F
30559F
80D59F
10D59F
22559F
06559F
A8899F
54899F
A5099F
35099F
A8199F
54199F
A1199F
15199F
A4299F
34299F
A0A99F
14A99F
44599F
28599F
40D99F
08D99F
21599F
05599F
888B9F
508B9F
850B9F
310B9F
460B9F
2A0B9F
881B9F
501B9F
811B9F
111B9F
421B9F
0A1B9F
842B9F
302B9F
80AB9F
10AB9F
222B9F
062B9F
D5A227
AF2227
772227
D53227
AB3227
573227
CD5227
C9D227
6B5227
4F5227
AD6227
756227
A9E227
55E227
D59427
AF1427
771427
D4B427
A73427
373427
CCD427
C5D427
675427
2F5427
ACE427
74E427
A5E427
35E427
CD1A27
C99A27
6B1A27
4F1A27
CCAA27
C5AA27
672A27
2F2A27
C8BA27
C53A27
473A27
2B3A27
68EA27
4CEA27
656A27
2D6A27
45EA27
29EA27
AD1C27
751C27
A99C27
559C27
ACAC27
74AC27
A5AC27
35AC27
A8BC27
54BC27
A53C27
353C27
68DC27
4CDC27
655C27
2D5C27
45DC27
29DC27
D5A067
AF2067
772067
D53067
AB3067
573067
CD5067
C9D067
6B5067
4F5067
AD6067
756067
A9E067
55E067
D58467
AF0467
770467
D43467
A33467
173467
CC5467
C1D467
635467
0F5467
AC6467
746467
A1E467
15E467
CD0A67
C98A67
6B0A67
4F0A67
CC2A67
C1AA67
632A67
0F2A67
C83A67
C13A67
433A67
0B3A67
686A67
4C6A67
616A67
0D6A67
41EA67
09EA67
AD0C67
750C67
A98C67
558C67
AC2C67
742C67
A1AC67
15AC67
A83C67
543C67
A13C67
153C67
685C67
4C5C67
615C67
0D5C67
41DC67
09DC67
D510E7
AB10E7
5710E7
D4A0E7
A720E7
3720E7
C8D0E7
C550E7
4750E7
2B50E7
A8E0E7
54E0E7
A560E7
3560E7
D502E7
AB02E7
5702E7
D422E7
A322E7
1722E7
C852E7
C152E7
4352E7
0B52E7
A862E7
5462E7
A162E7
1562E7
D484E7
A704E7
3704E7
D414E7
A314E7
1714E7
C454E7
C0D4E7
2354E7
0754E7
A464E7
3464E7
A0E4E7
14E4E7
C88AE7
C50AE7
470AE7
2B0AE7
C81AE7
C11AE7
431AE7
0B1AE7
C42AE7
C0AAE7
232AE7
072AE7
446AE7
286AE7
40EAE7
08EAE7
216AE7
056AE7
A88CE7
548CE7
A50CE7
350CE7
A81CE7
541CE7
A11CE7
151CE7
A42CE7
342CE7
A0ACE7
14ACE7
445CE7
285CE7
40DCE7
08DCE7
215CE7
055CE7
CD1167
C99167
6B1167
4F1167
CCA167
C5A167
672167
2F2167
C8B167
C53167
473167
2B3167
68E167
4CE167
656167
2D6167
45E167
29E167
CD0367
C98367
6B0367
4F0367
CC2367
C1A367
632367
0F2367
C83367
C13367
433367
0B3367
686367
4C6367
616367
0D6367
41E367
09E367
CC8567
C58567
670567
2F0567
CC1567
C19567
631567
0F1567
C43567
C0B567
233567
073567
646567
2C6567
60E567
0CE567
21E567
05E567
688D67
4C8D67
650D67
2D0D67
458D67
298D67
681D67
4C1D67
611D67
0D1D67
419D67
099D67
642D67
2C2D67
60AD67
0CAD67
21AD67
05AD67
443D67
283D67
40BD67
08BD67
213D67
053D67
AD11A7
7511A7
A991A7
5591A7
ACA1A7
74A1A7
A5A1A7
35A1A7
A8B1A7
54B1A7
A531A7
3531A7
68D1A7
4CD1A7
6551A7
2D51A7
45D1A7
29D1A7
AD03A7
7503A7
A983A7
5583A7
AC23A7
7423A7
A1A3A7
15A3A7
A833A7
5433A7
A133A7
1533A7
6853A7
4C53A7
6153A7
0D53A7
41D3A7
09D3A7
AC85A7
7485A7
A585A7
3585A7
AC15A7
7415A7
A195A7
1595A7
A435A7
3435A7
A0B5A7
14B5A7
6455A7
2C55A7
60D5A7
0CD5A7
21D5A7
05D5A7
688BA7
4C8BA7
650BA7
2D0BA7
458BA7
298BA7
681BA7
4C1BA7
611BA7
0D1BA7
419BA7
099BA7
642BA7
2C2BA7
60ABA7
0CABA7
21ABA7
05ABA7
443BA7
283BA7
40BBA7
08BBA7
213BA7
053BA7
D1A22F
CE222F
8F222F
73222F
D1322F
CA322F
8B322F
53322F
8D622F
71622F
89E22F
51E22F
6A622F
4E622F
D1942F
CE142F
8F142F
73142F
D0B42F
C6342F
87342F
33342F
8CE42F
70E42F
85E42F
31E42F
66642F
2E642F
CD182F
C9982F
6B182F
4F182F
CCA82F
C5A82F
67282F
2F282F
C8B82F
C5382F
47382F
2B382F
68E82F
4CE82F
65682F
2D682F
45E82F
29E82F
8D1C2F
711C2F
899C2F
519C2F
6A1C2F
4E1C2F
8CAC2F
70AC2F
85AC2F
31AC2F
662C2F
2E2C2F
88BC2F
50BC2F
853C2F
313C2F
463C2F
2A3C2F
D1A06F
CE206F
8F206F
73206F
D1306F
CA306F
8B306F
53306F
8D606F
71606F
89E06F
51E06F
6A606F
4E606F
D1846F
CE046F
8F046F
73046F
D0346F
C2346F
83346F
13346F
8C646F
70646F
81E46F
11E46F
62646F
0E646F
CD086F
C9886F
6B086F
4F086F
CC286F
C1A86F
63286F
0F286F
C8386F
C1386F
43386F
0B386F
68686F
4C686F
61686F
0D686F
41E86F
09E86F
8D0C6F
710C6F
898C6F
518C6F
6A0C6F
4E0C6F
8C2C6F
702C6F
81AC6F
11AC6F
622C6F
0E2C6F
883C6F
503C6F
813C6F
113C6F
423C6F
0A3C6F
D110EF
CA10EF
8B10EF
5310EF
D0A0EF
C620EF
8720EF
3320EF
88E0EF
50E0EF
8560EF
3160EF
4660EF
2A60EF
D102EF
CA02EF
8B02EF
5302EF
D022EF
C222EF
8322EF
1322EF
8862EF
5062EF
8162EF
1162EF
4262EF
0A62EF
D084EF
C604EF
8704EF
3304EF
D014EF
C214EF
8314EF
1314EF
8464EF
3064EF
80E4EF
10E4EF
2264EF
0664EF
C888EF
C508EF
4708EF
2B08EF
C818EF
C118EF
4318EF
0B18EF
C428EF
C0A8EF
2328EF
0728EF
4468EF
2868EF
40E8EF
08E8EF
2168EF
0568EF
888CEF
508CEF
850CEF
310CEF
460CEF
2A0CEF
881CEF
501CEF
811CEF
111CEF
421CEF
0A1CEF
842CEF
302CEF
80ACEF
10ACEF
222CEF
062CEF
CD112F
C9912F
6B112F
4F112F
CCA12F
C5A12F
67212F
2F212F
C8B12F
C5312F
47312F
2B312F
68E12F
4CE12F
65612F
2D612F
45E12F
29E12F
CD032F
C9832F
6B032F
4F032F
CC232F
C1A32F
63232F
0F232F
C8332F
C1332F
43332F
0B332F
68632F
4C632F
61632F
0D632F
41E32F
09E32F
CC852F
C5852F
67052F
2F052F
CC152F
C1952F
63152F
0F152F
C4352F
C0B52F
23352F
07352F
64652F
2C652F
60E52F
0CE52F
21E52F
05E52F
688D2F
4C8D2F
650D2F
2D0D2F
458D2F
298D2F
681D2F
4C1D2F
611D2F
0D1D2F
419D2F
099D2F
642D2F
2C2D2F
60AD2F
0CAD2F
21AD2F
05AD2F
443D2F
283D2F
40BD2F
08BD2F
213D2F
053D2F
8D11AF
7111AF
8991AF
5191AF
6A11AF
4E11AF
8CA1AF
70A1AF
85A1AF
31A1AF
6621AF
2E21AF
88B1AF
50B1AF
8531AF
3131AF
4631AF
2A31AF
8D03AF
7103AF
8983AF
5183AF
6A03AF
4E03AF
8C23AF
7023AF
81A3AF
11A3AF
6223AF
0E23AF
8833AF
5033AF
8133AF
1133AF
4233AF
0A33AF
8C85AF
7085AF
8585AF
3185AF
6605AF
2E05AF
8C15AF
7015AF
8195AF
1195AF
6215AF
0E15AF
8435AF
3035AF
80B5AF
10B5AF
2235AF
0635AF
6889AF
4C89AF
6509AF
2D09AF
4589AF
2989AF
6819AF
4C19AF
6119AF
0D19AF
4199AF
0999AF
6429AF
2C29AF
60A9AF
0CA9AF
21A9AF
05A9AF
4439AF
2839AF
40B9AF
08B9AF
2139AF
0539AF
B1A237
95A237
AE2237
762237
B13237
953237
AA3237
563237
8D5237
715237
89D237
51D237
6A5237
4E5237
B19437
959437
AE1437
761437
B0B437
94B437
A63437
363437
8CD437
70D437
85D437
31D437
665437
2E5437
AD1837
751837
A99837
559837
ACA837
74A837
A5A837
35A837
A8B837
54B837
A53837
353837
68D837
4CD837
655837
2D5837
45D837
29D837
8D1A37
711A37
899A37
519A37
6A1A37
4E1A37
8CAA37
70AA37
85AA37
31AA37
662A37
2E2A37
88BA37
50BA37
853A37
313A37
463A37
2A3A37
B1A077
95A077
AE2077
762077
B13077
953077
AA3077
563077
8D5077
715077
89D077
51D077
6A5077
4E5077
B18477
958477
AE0477
760477
B03477
943477
A23477
163477
8C5477
705477
81D477
11D477
625477
0E5477
AD0877
750877
A98877
558877
AC2877
742877
A1A877
15A877
A83877
543877
A13877
153877
685877
4C5877
615877
0D5877
41D877
09D877
8D0A77
710A77
898A77
518A77
6A0A77
4E0A77
8C2A77
702A77
81AA77
11AA77
622A77
0E2A77
883A77
503A77
813A77
113A77
423A77
0A3A77
B110F7
9510F7
AA10F7
5610F7
B0A0F7
94A0F7
A620F7
3620F7
88D0F7
50D0F7
8550F7
3150F7
4650F7
2A50F7
B102F7
9502F7
AA02F7
5602F7
B022F7
9422F7
A222F7
1622F7
8852F7
5052F7
8152F7
1152F7
4252F7
0A52F7
B084F7
9484F7
A604F7
3604F7
B014F7
9414F7
A214F7
1614F7
8454F7
3054F7
80D4F7
10D4F7
2254F7
0654F7
A888F7
5488F7
A508F7
3508F7
A818F7
5418F7
A118F7
1518F7
A428F7
3428F7
A0A8F7
14A8F7
4458F7
2858F7
40D8F7
08D8F7
2158F7
0558F7
888AF7
508AF7
850AF7
310AF7
460AF7
2A0AF7
881AF7
501AF7
811AF7
111AF7
421AF7
0A1AF7
842AF7
302AF7
80AAF7
10AAF7
222AF7
062AF7
AD1137
751137
A99137
559137
ACA137
74A137
A5A137
35A137
A8B137
54B137
A53137
353137
68D137
4CD137
655137
2D5137
45D137
29D137
AD0337
750337
A98337
558337
AC2337
742337
A1A337
15A337
A83337
543337
A13337
153337
685337
4C5337
615337
0D5337
41D337
09D337
AC8537
748537
A58537
358537
AC1537
741537
A19537
159537
A43537
343537
A0B537
14B537
645537
2C5537
60D537
0CD537
21D537
05D537
688B37
4C8B37
650B37
2D0B37
458B37
298B37
681B37
4C1B37
611B37
0D1B37
419B37
099B37
642B37
2C2B37
60AB37
0CAB37
21AB37
05AB37
443B37
283B37
40BB37
08BB37
213B37
053B37
8D1177
711177
899177
519177
6A1177
4E1177
8CA177
70A177
85A177
31A177
662177
2E2177
88B177
50B177
853177
313177
463177
2A3177
8D0377
710377
898377
518377
6A0377
4E0377
8C2377
702377
81A377
11A377
622377
0E2377
883377
503377
813377
113377
423377
0A3377
8C8577
708577
858577
318577
660577
2E0577
8C1577
701577
819577
119577
621577
0E1577
843577
303577
80B577
10B577
223577
063577
688977
4C8977
650977
2D0977
458977
298977
681977
4C1977
611977
0D1977
419977
099977
642977
2C2977
60A977
0CA977
21A977
05A977
443977
283977
40B977
08B977
213977
053977
